,Stock,Bond,Hybrid,QDII,Others,Related
2014/1/2,-0.003454,-0.000280689,-0.001867345,-0.000800457,0.0247,0.023465694
2014/1/3,-0.013436,-0.001365332,-0.007400666,-0.000800457,0.0062,0.005890694
2014/1/6,-0.022762,-0.000147237,-0.011454619,-0.003021286,0.0065,0.006175694
2014/1/7,-0.000284,0.000547661,0.00013183,0.004499747,0.0016,0.001520694
2014/1/8,0.001747,0.000851529,0.001299264,0.001691274,-0.0156,-0.014819306
2014/1/9,-0.008783,0.000750669,-0.004016165,-0.002486995,-0.0005,-0.000474306
2014/1/10,-0.007817,9.24E-05,-0.0038623,0.003248016,0.0049,0.004655694
2014/1/13,-0.005067,0.00024698,-0.00241001,-0.005061444,0.0144,0.013680694
2014/1/14,0.008737,0.000365832,0.004551416,0.003047733,-0.0006,-0.000569306
2014/1/15,-0.001765,0.000302068,-0.000731466,0.007767523,-0.0088,-0.008359306
2014/1/16,0.001314,0.000346015,0.000830008,-0.000453391,0.0014,0.001330694
2014/1/17,-0.015081,0.000207537,-0.007436732,-0.001338111,0.0037,0.003515694
2014/1/20,-0.005736,0.001342077,-0.002196961,-0.000227102,0.0058,0.005510694
2014/1/21,0.009888,0.000941195,0.005414598,0.001817232,-0.0041,-0.003894306
2014/1/22,0.025778,0.000813448,0.013295724,0.001088361,-0.0079,-0.007504306
2014/1/23,-0.005307,0.00054743,-0.002379785,-0.008697425,-0.0025,-0.002374306
2014/1/24,0.006178,0.000326468,0.003252234,-0.018941211,0.0149,0.014155694
2014/1/27,-0.013252,0.00134024,-0.00595588,-0.009408915,0.0036,0.003420694
2014/1/28,0.001776,0.001421838,0.001598919,0.004231909,-0.0076,-0.007219306
2014/1/29,0.003571,7.98E-05,0.0018254,-0.004050194,0.0002,0.000190694
2014/1/30,-0.011371,0.000117962,-0.005626519,0.003784584,0.0017,0.001615694
2014/2/7,0.004555,0.002442911,0.003498956,0.011219732,0.0078,0.007410694
2014/2/10,0.024882,0.000555081,0.012718541,0.002270546,0.0085,0.008075694
2014/2/11,0.00795,0.000380455,0.004165228,0.009785604,0.0044,0.004180694
2014/2/12,0.002487,0.000171486,0.001329243,0.002960427,0.0023,0.002185694
2014/2/13,-0.005103,0.000342221,-0.00238039,0.001037703,0.0002,0.000190694
2014/2/14,0.007028,0.000646887,0.003837443,0.003524534,0.0182,0.017290694
2014/2/17,0.007001,0.000758358,0.003879679,0.002272571,0.0123,0.011685694
2014/2/18,-0.012634,2.35E-05,-0.00630525,0.003366772,-0.0071,-0.006744306
2014/2/19,0.011485,7.45E-05,0.00577975,-0.002876121,0.0009,0.000855694
2014/2/20,-0.009191,0.001373952,-0.003908524,0.000984365,-0.0029,-0.002754306
2014/2/21,-0.010117,0.001890295,-0.004113353,0.002812972,0.007,0.006650694
2014/2/24,-0.021987,0.000943021,-0.01052199,0.004196219,0.0047,0.004465694
2014/2/25,-0.025559,0.002463562,-0.011547719,-0.000340654,0.0073,0.006935694
2014/2/26,0.002547,0.001517691,0.002032346,-0.000931437,0.0108,0.010260694
2014/2/27,-0.004297,0.001049959,-0.001623521,0.002296655,-0.0141,-0.013394306
2014/2/28,0.011542,0.001926781,0.00673439,0.001520033,0.0048,0.004560694
2014/3/3,0.005231,0.000345307,0.002788154,-0.011847321,0.0132,0.012540694
2014/3/4,-0.002784,-0.000804984,-0.001794492,0.013960845,-0.0083,-0.007884306
2014/3/5,-0.009292,-0.000413058,-0.004852529,0.000406954,-0.0035,-0.003324306
2014/3/6,0.004463,-0.000598327,0.001932337,0.003231711,-0.0003,-0.000284306
2014/3/7,-0.002427,6.01E-05,-0.00118345,-0.002522977,0.0087,0.008265694
2014/3/10,-0.032546,0.000619834,-0.015963083,-0.003116531,-0.0103,-0.009784306
2014/3/11,0.005184,0.000269089,0.002726544,-0.0021748,0.0075,0.007125694
2014/3/12,0.002595,0.000263554,0.001429277,-0.004881261,0.011,0.010450694
2014/3/13,0.012392,0.000375431,0.006383716,-0.00944537,0.0087,0.008265694
2014/3/14,-0.008175,0.000607288,-0.003783856,-0.006310892,-0.0005,-0.000474306
2014/3/17,0.009517,0.000449393,0.004983196,0.007139049,0.0136,0.012920694
2014/3/18,-0.002289,0.000147231,-0.001070885,0.007525719,-0.0153,-0.014534306
2014/3/19,-0.008074,-0.000389833,-0.004231917,-0.003860386,-0.0033,-0.003134306
2014/3/20,-0.015985,-0.001448807,-0.008716904,0.000573276,-0.0103,-0.009784306
2014/3/21,0.034419,0.000167281,0.01729314,-0.000343769,-0.0007,-0.000664306
2014/3/24,0.008225,0.000616448,0.004420724,-0.003301314,-0.0052,-0.004939306
2014/3/25,-0.000971,-7.64E-05,-0.0005237,0.005405405,-0.0102,-0.009689306
2014/3/26,-0.00156,8.26E-05,-0.0007387,-0.000617708,0.0031,0.002945694
2014/3/27,-0.007066,0.000180794,-0.003442603,-0.000480736,-0.0095,-0.009024306
2014/3/28,-0.001736,4.37E-05,-0.00084615,0.006000641,-0.0039,-0.003704306
2014/3/31,-0.00263,0.000403797,-0.001113102,0.006397414,-0.0027,-0.002564306
2014/4/1,0.007832,3.82E-05,0.0039351,0.006266259,-0.0055,-0.005224306
2014/4/2,0.008142,-0.00011454,0.00401373,0.003057416,-0.0005,-0.000474306
2014/4/3,-0.007208,-0.000260473,-0.003734237,-0.000381012,0.0032,0.003040694
2014/4/4,0.009452,-0.000130952,0.004660524,-0.005313782,0.0023,0.002185694
2014/4/8,0.023722,0.000568898,0.012145449,0.000295952,0.013,0.012350694
2014/4/9,0.000583,0.000182708,0.000382854,0.005780741,0.0005,0.000475694
2014/4/10,0.015698,-8.11E-05,0.00780845,-0.010951961,0.0072,0.006840694
2014/4/11,-0.001361,0.000317661,-0.00052167,-0.009631884,-0.0014,-0.001329306
2014/4/14,-0.000904,0.000993567,4.48E-05,0.003996489,0.0084,0.007980694
2014/4/15,-0.017257,0.000550072,-0.008353464,0.000345137,-0.0101,-0.009594306
2014/4/16,0.001374,0.000394637,0.000884319,0.010672555,-0.008,-0.007599306
2014/4/17,-0.003459,0.002462106,-0.000498447,0.002913063,-0.003,-0.002849306
2014/4/18,-0.000146,0.000905757,0.000379879,0.000703458,0.0001,9.57E-05
2014/4/21,-0.016737,0.000617526,-0.008059737,0.00163269,-0.0064,-0.006079306
2014/4/22,0.004365,0.000188327,0.002276664,0.005116479,0.0035,0.003325694
2014/4/23,-0.000968,0.000197774,-0.000385113,-0.001937068,-0.0026,-0.002469306
2014/4/24,-0.001911,0.000157782,-0.000876609,0.000925278,-0.0007,-0.000664306
2014/4/25,-0.010339,0.00015234,-0.00509333,-0.007034632,0.008,0.007600694
2014/4/28,-0.015157,0.001345131,-0.006905935,0.001135332,0.0082,0.007790694
2014/4/29,0.011008,0.000192676,0.005600338,0.005556816,-0.0069,-0.006554306
2014/4/30,8.80E-05,0.000334583,0.000211292,0.001353333,0.0007,0.000665694
2014/5/5,-0.001014,0.001244639,0.000115319,0,0.0099,0.009405694
2014/5/6,0.000398,0.000601975,0.000499988,-0.005286601,0.0005,0.000475694
2014/5/7,-0.009276,0.000698734,-0.004288633,0.000542778,-0.0007,-0.000664306
2014/5/8,-0.000852,0.000849219,-1.39E-06,0.002034312,-0.0143,-0.013584306
2014/5/9,-0.000742,0.002037069,0.000647534,0.000383479,0.0004,0.000380694
2014/5/12,0.021624,0.000878359,0.011251179,0.007125462,-0.0002,-0.000189306
2014/5/13,-0.002386,0.00023568,-0.00107516,0.002910622,0.0015,0.001425694
2014/5/14,-0.00114,5.71E-05,-0.00054145,-0.000669733,0.0031,0.002945694
2014/5/15,-0.013022,-9.06E-05,-0.0065563,-0.007170941,0.0027,0.002565694
2014/5/16,0.000871,-0.00011748,0.00037676,0.000787526,-0.005,-0.004749306
2014/5/19,-0.014357,0.000508246,-0.006924377,0.000989253,0.0039,0.003705694
2014/5/20,0.000297,0.000167764,0.000232382,-0.003795876,-0.0035,-0.003324306
2014/5/21,0.009516,0.000230804,0.004873402,0.005275855,0.0002,0.000190694
2014/5/22,-0.002358,0.00031527,-0.001021365,0.003992195,0.001,0.000950694
2014/5/23,0.008234,0.00051299,0.004373495,0.00359656,-0.0003,-0.000284306
2014/5/26,0.00352,0.001755337,0.002637669,0.002359436,-0.0017,-0.001614306
2014/5/27,-0.004033,0.000330514,-0.001851243,0.002598152,-0.0049,-0.004654306
2014/5/28,0.010279,0.00063807,0.005458535,0.000265787,-0.0131,-0.012444306
2014/5/29,-0.00654,0.000730572,-0.002904714,0.002745732,-0.0111,-0.010544306
2014/5/30,0.000603,0.000553039,0.00057802,-0.000220824,0.0029,0.002755694
2014/6/3,-0.003036,0.002155528,-0.000440236,0.000242285,-0.0075,-0.007124306
2014/6/4,-0.010067,0.001348221,-0.00435939,0.00072668,0.0004,0.000380694
2014/6/5,0.010491,0.000183601,0.0053373,0.003916823,-0.0024,-0.002279306
2014/6/6,-0.007387,0.000258058,-0.003564471,0.004668698,0.0094,0.008930694
2014/6/9,-0.000204,0.000218761,7.38E-06,0.001614452,-0.0021,-0.001994306
2014/6/10,0.012645,0.000271895,0.006458448,0.001263341,-0.0025,-0.002374306
2014/6/11,-0.000232,0.000562252,0.000165126,-0.002784546,0.0034,0.003230694
2014/6/12,-0.003404,0.000206575,-0.001598713,-0.003883072,-0.0018,-0.001709306
2014/6/13,0.010603,-3.12E-05,0.0052859,0.000503701,0.0093,0.008835694
2014/6/16,0.007174,0.000595043,0.003884522,-0.001160118,0.0096,0.009120694
2014/6/17,-0.01012,0.000259513,-0.004930244,0.001840813,-0.0118,-0.011209306
2014/6/18,-0.004349,-1.99E-05,-0.00218445,0.004571704,0.0025,0.002375694
2014/6/19,-0.01543,8.23E-05,-0.00767385,0.003745237,0.0063,0.005985694
2014/6/20,0.004618,0.000198387,0.002408194,0.000173547,0.0255,0.024225694
2014/6/23,-0.001226,0.000676638,-0.000274681,-0.00169179,0.0045,0.004275694
2014/6/24,0.005019,0.000201528,0.002610264,-0.003367589,-0.0003,-0.000284306
2014/6/25,-0.005338,0.000160395,-0.002588803,-0.001242588,-0.0027,-0.002564306
2014/6/26,0.007362,5.43E-05,0.00370815,0.000174615,-0.0005,-0.000474306
2014/6/27,0.00055,0.000175601,0.000362801,0.000589224,0.0012,0.001140694
2014/6/30,0.006911,0.00028025,0.003595625,0.000501636,-0.0047,-0.004464306
2014/7/1,-0.000258,-8.61E-05,-0.00017205,0.005951213,0.0081,0.007695694
2014/7/2,0.002914,-0.000719367,0.001097317,0.002557101,0.002,0.001900694
2014/7/3,0.004296,-0.000395075,0.001950462,0.005209234,-0.0031,-0.002944306
2014/7/4,-0.000687,-0.000322286,-0.000504643,-0.000258037,0.0008,0.000760694
2014/7/7,-0.001104,0.000434497,-0.000334751,-0.004172671,-0.0084,-0.007979306
2014/7/8,0.001923,0.000131287,0.001027144,-0.007278775,0.005,0.004750694
2014/7/9,-0.014567,0.000119999,-0.007223501,0.001305426,0.0029,0.002755694
2014/7/10,-0.002729,3.25E-05,-0.00134825,-0.005280083,0.0039,0.003705694
2014/7/11,0.002409,0.00010606,0.00125753,0.000851919,0.0079,0.007505694
2014/7/14,0.011056,0.000131236,0.005593618,0.006067484,-0.0136,-0.012919306
2014/7/15,0.001482,-0.000245869,0.000618066,-0.00151857,-0.0058,-0.005509306
2014/7/16,-0.001889,-0.000569416,-0.001229208,0.0055838,-0.0097,-0.009214306
2014/7/17,-0.006357,-0.001322542,-0.003839771,-0.008361601,0.0049,0.004655694
2014/7/18,0.00328,-0.001688905,0.000795547,0.0048806,0.0048,0.004560694
2014/7/21,0.000994,0.000232842,0.000613421,-0.002406765,0.0035,0.003325694
2014/7/22,0.012188,0.000391748,0.006289874,0.007063835,-0.0058,-0.005509306
2014/7/23,0.002342,0.000228707,0.001285353,0.001834506,0.0003,0.000285694
2014/7/24,0.017828,0.00022932,0.00902866,0.002111204,-0.0089,-0.008454306
2014/7/25,0.010478,0.000285089,0.005381545,-0.00371907,-0.0039,-0.003704306
2014/7/28,0.028066,0.000496936,0.014281468,8.63E-05,0.0074,0.007030694
2014/7/29,0.003215,0.000189911,0.001702456,-0.000798308,0.0004,0.000380694
2014/7/30,-0.004014,4.25E-05,-0.00198575,-0.000323897,-0.0056,-0.005319306
2014/7/31,0.012162,0.000142068,0.006152034,-0.01404009,-0.0024,-0.002279306
2014/8/1,-0.008871,0.000363749,-0.004253626,-0.005674101,-0.0083,-0.007884306
2014/8/4,0.019841,0.000601825,0.010221413,0.003503206,0.0077,0.007315694
2014/8/5,-0.002638,0.000291116,-0.001173442,-0.005928073,-0.0032,-0.003039306
2014/8/6,-0.002588,0.000261199,-0.0011634,-0.00320258,-0.0014,-0.001329306
2014/8/7,-0.015134,0.000244561,-0.00744472,-0.004963329,0.0088,0.008360694
2014/8/8,0.00158,0.000122582,0.000851291,0.001981874,0.0092,0.008740694
2014/8/11,0.014677,0.000389565,0.007533283,0.007511779,-0.0066,-0.006269306
2014/8/12,-0.003508,0.00011391,-0.001697045,-0.000683813,0.0024,0.002280694
2014/8/13,0.000784,0.000252295,0.000518148,0.005717061,-0.0015,-0.001424306
2014/8/14,-0.009732,0.002391895,-0.003670052,0.00338001,0.003,0.002850694
2014/8/15,0.01057,0.000382398,0.005476199,-0.000481232,-0.001,-0.000949306
2014/8/18,0.0059,0.000457513,0.003178756,0.006981223,-0.0101,-0.009594306
2014/8/19,8.70E-05,0.000114161,0.000100581,0.005933106,-0.0019,-0.001804306
2014/8/20,-0.003633,-6.60E-07,-0.00181683,0.001533941,-0.0023,-0.002184306
2014/8/21,-0.005028,4.68E-05,-0.0024906,0.003300472,-0.0099,-0.009404306
2014/8/22,0.004723,0.000145153,0.002434077,-0.001784562,0.0002,0.000190694
2014/8/25,-0.009513,0.000418243,-0.004547379,0.005255562,-0.0024,-0.002279306
2014/8/26,-0.008012,0.000220244,-0.003895878,0.002056952,0.0098,0.009310694
2014/8/27,0.001507,0.00040545,0.000956225,0.000769774,-0.0032,-0.003039306
2014/8/28,-0.00701,0.000484366,-0.003262817,-0.003781809,0.0008,0.000760694
2014/8/29,0.011686,0.000379401,0.006032701,0.002166173,-0.0004,-0.000379306
2014/9/1,0.007283,0.000560984,0.003921992,0.000898838,0.0004,0.000380694
2014/9/2,0.013222,0.000240193,0.006731097,0.001154611,-0.009,-0.008549306
2014/9/3,0.009377,0.000127634,0.004752317,0.003267625,-0.0063,-0.005984306
2014/9/4,0.007218,4.54E-05,0.0036317,0.000383174,-0.0014,-0.001329306
2014/9/5,0.009494,9.93E-05,0.00479665,0.001319317,-0.0026,-0.002469306
2014/9/9,-0.001647,0.000521576,-0.000562712,-0.003960312,-0.0083,-0.007884306
2014/9/10,-0.005231,2.30E-05,-0.002604,0.000534416,0.0011,0.001045694
2014/9/11,-0.003691,7.56E-05,-0.0018077,-4.27E-05,-0.0051,-0.004844306
2014/9/12,0.00615,1.31E-06,0.003075655,-0.003461317,-0.008,-0.007599306
2014/9/15,-0.000479,0.000622479,7.17E-05,-0.00175811,-0.0017,-0.001614306
2014/9/16,-0.019869,0.000210211,-0.009829395,0.002598853,0.0025,0.002375694
2014/9/17,0.005258,0.000842636,0.003050318,0.001456727,-0.0003,-0.000284306
2014/9/18,0.003056,0.00071987,0.001887935,0.004492171,-0.0122,-0.011589306
2014/9/19,0.00687,0.002167893,0.004518947,0.000298139,-0.0013,-0.001234306
2014/9/22,-0.019087,0.001226208,-0.008930396,-0.007728008,-0.0123,-0.011684306
2014/9/23,0.008635,0.000548308,0.004591654,-0.006543801,0.0078,0.007410694
2014/9/24,0.017671,-1.44E-05,0.0088283,0.00498877,0.0066,0.006270694
2014/9/25,-0.002006,3.07E-05,-0.00098765,-0.010465241,-0.0133,-0.012634306
2014/9/26,9.70E-05,0.00035597,0.000226485,0.004343294,0.0146,0.013870694
2014/9/29,0.004348,0.000706464,0.002527232,-0.003546099,-0.0074,-0.007029306
2014/9/30,0.001303,0.000426711,0.000864855,-0.001497266,0.0011,0.001045694
2014/10/8,0.011177,0.001051974,0.006114487,0.005119567,0.0001,9.57E-05
2014/10/9,0.001441,0.000141375,0.000791188,-0.011950961,0.0055,0.005225694
2014/10/10,-0.006111,0.000142007,-0.002984497,-0.013635349,-0.0035,-0.003324306
2014/10/13,-0.004801,0.000607025,-0.002096988,-0.00846173,0.0078,0.007410694
2014/10/14,-0.003415,0.001041471,-0.001186765,-0.000593269,-0.0002,-0.000189306
2014/10/15,0.007076,0.002110037,0.004593019,-0.011118975,-0.006,-0.005699306
2014/10/16,-0.007906,0.001685773,-0.003110114,-0.003324714,0.0095,0.009025694
2014/10/17,-0.001089,0.001276777,9.39E-05,0.012323944,0.002,0.001900694
2014/10/20,0.005315,0.001814062,0.003564531,0.007231121,-0.0004,-0.000379306
2014/10/21,-0.008685,0.002675482,-0.003004759,0.013813159,0.009,0.008550694
2014/10/22,-0.006062,0.000399318,-0.002831341,2.24E-05,-0.0065,-0.006174306
2014/10/23,-0.009388,-7.53E-05,-0.00473165,0.007731092,-0.0022,-0.002089306
2014/10/24,-0.002183,0.000204101,-0.00098945,0.003713587,-0.0099,-0.009404306
2014/10/27,-0.00915,0.000491159,-0.004329421,-0.001838846,-0.0008,-0.000759306
2014/10/28,0.020188,0.000892402,0.010540201,0.01001021,-0.0017,-0.001614306
2014/10/29,0.014372,0.000877464,0.007624732,0.001582244,0,6.94E-07
2014/10/30,0.007156,0.000870915,0.004013458,0.005046405,-0.0183,-0.017384306
2014/10/31,0.015958,0.000520426,0.008239213,0.015456153,-0.0294,-0.027929306
2014/11/3,0.001684,0.001465541,0.001574771,-0.002450822,0.0021,0.001995694
2014/11/4,0.000248,0.002340154,0.001294077,-0.002198228,-0.0062,-0.005889306
2014/11/5,-0.003869,0.003310992,-0.000279004,0.005961252,-0.0157,-0.014914306
2014/11/6,0.001046,0.001044405,0.001045203,0.001331186,-0.0023,-0.002184306
2014/11/7,-0.001562,0.00158533,1.17E-05,8.58E-05,-0.0004,-0.000379306
2014/11/10,0.025409,0.002017271,0.013713136,0.003687743,0.024,0.022800694
2014/11/11,-0.002774,0.0030027,0.00011435,0.002136159,-0.0127,-0.012064306
2014/11/12,0.013955,0.00025469,0.007104845,-0.002110289,0.0114,0.010830694
2014/11/13,-0.005615,-0.000473868,-0.003044434,0.001538001,-0.0065,-0.006174306
2014/11/14,0.000521,-0.001398889,-0.000438945,0.0012797,-0.0074,-0.007029306
2014/11/17,-0.005421,-0.000396896,-0.002908948,-0.001491075,0.0324,0.030780694
2014/11/18,-0.010005,-0.000591465,-0.005298233,0.006250533,-0.0007,-0.000664306
2014/11/19,-0.00165,0.000404893,-0.000622554,-0.000487608,0.0034,0.003230694
2014/11/20,-4.90E-05,-1.58E-05,-3.24E-05,0.000360582,-0.006,-0.005699306
2014/11/21,0.018271,-0.001386487,0.008442257,0.008163179,0.0069,0.006555694
2014/11/24,0.025471,0.005005008,0.015238004,0.002818205,0.0074,0.007030694
2014/11/25,0.013703,0.000599554,0.007151277,0.000230695,-0.0006,-0.000569306
2014/11/26,0.013948,-4.35E-05,0.00695225,0.001761265,0.0016,0.001520694
2014/11/27,0.011558,0.000373409,0.005965704,-0.000272097,-0.0041,-0.003894306
2014/11/28,0.019724,0.000245904,0.009984952,-0.001360858,-0.0039,-0.003704306
2014/12/1,0.003914,0.000467103,0.002190552,-0.007232856,-0.0283,-0.026884306
2014/12/2,0.036927,-0.000295505,0.018315748,0.005300503,0.0438,0.041610694
2014/12/3,0.014914,-0.001373967,0.006770017,0.00315093,-0.0051,-0.004844306
2014/12/4,0.046099,-0.001490091,0.022304454,-0.002470945,0.0015,0.001425694
2014/12/5,0.006615,-0.003786093,0.001414453,0.004786196,0.0042,0.003990694
2014/12/8,0.04096,-0.001275287,0.019842357,-0.007019743,-0.0084,-0.007979306
2014/12/9,-0.044873,-0.005512335,-0.025192668,-0.007174567,0.0143,0.013585694
2014/12/10,0.036896,1.85E-05,0.01845725,-0.012460795,0.024,0.022800694
2014/12/11,-0.011961,0.001763062,-0.005098969,0.000450644,-0.0121,-0.011494306
2014/12/12,0.003209,0.000965427,0.002087214,-0.014607151,-0.0011,-0.001044306
2014/12/15,0.007516,0.000243991,0.003879996,-0.010796691,0.0008,0.000760694
2014/12/16,0.026785,-0.00082287,0.012981065,-0.002882669,-0.0165,-0.015674306
2014/12/17,0.017314,0.00032381,0.008818905,0.011674354,0.0009,0.000855694
2014/12/18,-0.004366,0.001013808,-0.001676096,0.022119454,0.0044,0.004180694
2014/12/19,0.01113,0.00074033,0.005935165,0.007106881,0.0024,0.002280694
2014/12/22,0.003344,0.001251205,0.002297603,0.005085931,-0.0028,-0.002659306
2014/12/23,-0.020491,0.001093357,-0.009698822,0.002256004,-0.0137,-0.013014306
2014/12/24,-0.028433,0.001589696,-0.013421652,0.000715247,-0.0016,-0.001519306
2014/12/25,0.032514,0.00176078,0.01713739,-0.000294303,0.0005,0.000475694
2014/12/26,0.033105,9.23E-05,0.01659865,0.002123812,0.0064,0.006080694
2014/12/29,0.002791,0.000729824,0.001760412,0.001951445,0.0074,0.007030694
2014/12/30,0.000607,0.00040762,0.00050731,-0.007204188,-0.0106,-0.010069306
2014/12/31,0.022025,0.000125079,0.01107504,-0.004598574,0.0134,0.012730694
2015/1/5,0.030516,-0.000239389,0.015138306,-0.016824173,0,6.94E-07
2015/1/6,-0.000132,0.000742345,0.000305173,-0.009892241,0.0079,0.007505694
2015/1/7,0.00075,-7.77E-05,0.00033615,0.00796674,0.0026,0.002470694
2015/1/8,-0.023199,0.000591588,-0.011303706,0.018528516,-0.0016,-0.001519306
2015/1/9,-0.003522,0.000526877,-0.001497562,-0.00706032,0.0007,0.000665694
2015/1/12,-0.009346,0.000737239,-0.004304381,-0.003843526,0.0119,0.011305694
2015/1/13,0.000132,0.001116703,0.000624351,0.001436166,0.0064,0.006080694
2015/1/14,-0.003306,0.001056915,-0.001124542,-0.008647445,0.0013,0.001235694
2015/1/15,0.029036,0.002027335,0.015531667,-0.002850049,-0.0109,-0.010354306
2015/1/16,0.008608,0.001656742,0.005132371,0.006365979,0.0285,0.027075694
2015/1/19,-0.077023,0.001519301,-0.03775185,0.002280698,0.0151,0.014345694
2015/1/20,0.01224,0.000327796,0.006283898,0.004164609,0.0007,0.000665694
2015/1/21,0.044951,0.000751058,0.022851029,0.006349274,0.0168,0.015960694
2015/1/22,0.005277,0.001144175,0.003210587,0.011513787,-0.0116,-0.011019306
2015/1/23,0.001155,0.000400722,0.000777861,0.002373152,0.0098,0.009310694
2015/1/26,0.01015,0.001049445,0.005599722,0.003582727,0.0038,0.003610694
2015/1/27,-0.009161,-0.000198824,-0.004679912,-0.006555324,-0.0092,-0.008739306
2015/1/28,-0.013877,-0.000976863,-0.007426931,-0.007754382,0.003,0.002850694
2015/1/29,-0.012346,-0.00059343,-0.006469715,0.003833365,-0.0064,-0.006079306
2015/1/30,-0.013616,-0.000660591,-0.007138296,-0.008502468,-0.0167,-0.015864306
2015/2/2,-0.023419,-0.000141827,-0.011780414,0.008192361,0.0188,0.017860694
2015/2/3,0.024891,0.000218082,0.012554541,0.010785141,0.0012,0.001140694
2015/2/4,-0.010379,0.00038609,-0.004996455,0.000125285,-0.0138,-0.013109306
2015/2/5,-0.010236,0.001994656,-0.004120672,0.005511827,0.0022,0.002090694
2015/2/6,-0.016194,-0.001151157,-0.008672579,-0.001474222,-0.0013,-0.001234306
2015/2/9,0.010114,0.000312612,0.005213306,-0.003805365,-0.0204,-0.019379306
2015/2/10,0.018238,-0.000211462,0.009013269,0.006324754,0.0022,0.002090694
2015/2/11,0.007978,-1.44E-05,0.0039818,-0.000684505,-0.0056,-0.005319306
2015/2/12,0.002548,0.001335817,0.001941909,0.008966934,-0.012,-0.011399306
2015/2/13,0.007829,0.001163308,0.004496154,0.005636816,0.0069,0.006555694
2015/2/16,0.008547,0.001821664,0.005184332,0.000184113,0.004,0.003800694
2015/2/17,0.006526,0.000955458,0.003740729,0.001390821,-0.0055,-0.005224306
2015/2/25,-0.012376,0.00141444,-0.00548078,-0.00016143,-0.011,-0.010449306
2015/2/26,0.025172,-0.00023675,0.012467625,0.001311833,0.0003,0.000285694
2015/2/27,0.001836,-0.000143819,0.000846091,-0.001169025,0.001,0.000950694
2015/3/2,0.007955,0.00020894,0.00408197,0.003511179,0.0105,0.009975694
2015/3/3,-0.025926,-0.001001711,-0.013463856,-0.004826061,-0.0097,-0.009214306
2015/3/4,0.006534,-0.000433724,0.003050138,-0.002566175,-0.0033,-0.003134306
2015/3/5,-0.009765,-0.000867824,-0.005316412,0.002734842,-0.0048,-0.004559306
2015/3/6,-0.005098,-0.000949969,-0.003023985,-0.006808356,-0.0028,-0.002659306
2015/3/9,0.017027,-0.000580225,0.008223388,-0.000671264,-0.0203,-0.019284306
2015/3/10,-0.004845,-9.96E-06,-0.00242748,-0.013698909,-0.0082,-0.007789306
2015/3/11,0.001148,0.00045736,0.00080268,0.002063771,-0.0006,-0.000569306
2015/3/12,0.019347,0.001375185,0.010361093,0.008649985,0.0021,0.001995694
2015/3/13,0.006906,-0.000206212,0.003349894,-0.002409393,-0.0049,-0.004654306
2015/3/16,0.024329,-0.000718163,0.011805419,0.009660847,0.0009,0.000855694
2015/3/17,0.013884,-0.001104129,0.006389936,-0.000851426,-0.0079,-0.007504306
2015/3/18,0.023671,0.000588151,0.012129576,0.009130197,-0.0086,-0.008169306
2015/3/19,-0.001642,-0.000770678,-0.001206339,-0.001105817,0.0151,0.014345694
2015/3/20,0.01376,0.000997238,0.007378619,0.007366853,0,6.94E-07
2015/3/23,0.02042,0.000393647,0.010406823,-0.001118926,0.0093,0.008835694
2015/3/24,0.000248,-0.000239949,4.03E-06,-0.002680429,0.0044,0.004180694
2015/3/25,-0.008214,-0.000550897,-0.004382449,-0.009727626,0.0019,0.001805694
2015/3/26,0.002433,-0.000989175,0.000721913,-0.006015434,0.012,0.011400694
2015/3/27,0.005493,-0.002066247,0.001713377,0.000427908,-0.0022,-0.002089306
2015/3/30,0.029328,-0.000305774,0.014511113,0.010407968,-0.0073,-0.006934306
2015/3/31,-0.009044,-0.002437575,-0.005740788,-0.007135946,-0.0134,-0.012729306
2015/4/1,0.017943,-0.000450536,0.008746232,-0.001238478,0.0048,0.004560694
2015/4/2,0.000214,0.002196726,0.001205363,0.004756774,0.0153,0.014535694
2015/4/3,0.011094,0.000670254,0.005882127,0.000627188,-0.0037,-0.003514306
2015/4/7,0.021461,-0.000619242,0.010420879,0.004109258,0.0084,0.007980694
2015/4/8,0.008394,-0.001189906,0.003602047,0.003009148,0.002,0.001900694
2015/4/9,-0.007837,-0.001236975,-0.004536988,0.006460258,-0.0141,-0.013394306
2015/4/10,0.019304,0.000648682,0.009976341,0.005743129,0.0016,0.001520694
2015/4/13,0.017645,0.000687683,0.009166342,-0.001225054,0.0103,0.009785694
2015/4/14,0.00387,0.001365667,0.002617834,-0.000969376,-0.0093,-0.008834306
2015/4/15,-0.012994,0.001200822,-0.005896589,0.003445613,-0.0032,-0.003039306
2015/4/16,0.030369,0.001440755,0.015904878,-0.000789375,0.0083,0.007885694
2015/4/17,0.018298,0.000205526,0.009251763,-0.01115873,-0.0012,-0.001139306
2015/4/20,-0.016148,0.003404804,-0.006371598,0.004893345,0.0075,0.007125694
2015/4/21,0.021505,0.003096,0.0123005,0.002782581,-0.0133,-0.012634306
2015/4/22,0.026119,0.000345825,0.013232413,0.003111807,0.006,0.005700694
2015/4/23,0.000227,-0.000103279,6.19E-05,0.001639992,-0.0125,-0.011874306
2015/4/24,-0.008068,-0.000585101,-0.00432655,0.002209378,0.0076,0.007220694
2015/4/27,0.022317,0.000693125,0.011505063,0.000157465,-0.0084,-0.007979306
2015/4/28,-0.013672,0.000589985,-0.006541008,-0.00192864,0.0156,0.014820694
2015/4/29,0.006846,0.000226831,0.003536416,-0.007847777,0.0041,0.003895694
2015/4/30,-0.005119,0.00088302,-0.00211799,-0.0079496,-0.0065,-0.006174306
2015/5/4,0.00797,0.000812477,0.004391239,0.003127365,-0.0123,-0.011684306
2015/5/5,-0.039874,-0.000392337,-0.020133169,-0.010544292,0.0032,0.003040694
2015/5/6,-0.009465,-0.000299305,-0.004882153,-0.004676086,0.0044,0.004180694
2015/5/7,-0.018281,-0.000344458,-0.009312729,-0.000463756,-0.0079,-0.007504306
2015/5/8,0.019757,0.00035137,0.010054185,0.013313968,0.0032,0.003040694
2015/5/11,0.028986,0.001754381,0.015370191,-0.002030578,-0.002,-0.001899306
2015/5/12,0.012128,0.000771512,0.006449756,-0.004907241,-0.0011,-0.001044306
2015/5/13,-0.006105,0.001315239,-0.002394881,-0.000120279,0.0088,0.008360694
2015/5/14,-0.003742,0.001884176,-0.000928912,0.006155018,0.0161,0.015295694
2015/5/15,-0.017722,0.001496404,-0.008112798,0.001733586,0.003,0.002850694
2015/5/18,-0.009167,0.000679669,-0.004243666,0.003123011,0.0074,0.007030694
2015/5/19,0.034115,-0.00119244,0.01646128,0.003073628,-0.0074,-0.007029306
2015/5/20,0.005009,-0.000372814,0.002318093,0.000256998,-0.0098,-0.009309306
2015/5/21,0.018099,0.000182796,0.009140898,0.001996166,0.0026,0.002470694
2015/5/22,0.022797,0.00028273,0.011539865,-0.000414218,-0.0002,-0.000189306
2015/5/25,0.029923,0.000153894,0.015038447,-7.89E-05,-0.0051,-0.004844306
2015/5/26,0.019497,-0.000927515,0.009284743,-0.007439859,-0.0056,-0.005319306
2015/5/27,-0.003363,-0.000902605,-0.002132803,0.007177509,-0.0063,-0.005984306
2015/5/28,-0.067052,-0.000791644,-0.033921822,-0.001914839,-0.0017,-0.001614306
2015/5/29,0.001411,-0.000315925,0.000547538,-0.007041139,0.0014,0.001330694
2015/6/1,0.048618,-0.000435303,0.024091349,0.001175205,-0.0034,-0.003229306
2015/6/2,0.016881,0.000472399,0.0086767,-0.002705768,0.0026,0.002470694
2015/6/3,-0.003541,0.000403931,-0.001568535,0.0014962,0.0005,0.000475694
2015/6/4,0.007354,0.000737476,0.004045738,-0.007449902,-0.0067,-0.006364306
2015/6/5,0.009483,0.000179934,0.004831467,-0.0039536,-0.004,-0.003799306
2015/6/8,0.023554,0.00065084,0.01210242,-0.006205799,-0.0013,-0.001234306
2015/6/9,-0.006778,0.00052647,-0.003125765,-0.003203374,0.002,0.001900694
2015/6/10,-0.00157,8.83E-05,-0.00074085,0.009620665,0.0071,0.006745694
2015/6/11,-0.000475,-0.000713793,-0.000594397,0.003565817,-0.0015,-0.001424306
2015/6/12,0.005375,-0.000473747,0.002450626,-0.005761317,-0.0003,-0.000284306
2015/6/15,-0.021358,0.000426083,-0.010465959,-0.006844613,0.0012,0.001140694
2015/6/16,-0.029945,-5.58E-05,-0.0150004,0.002500559,0.0025,0.002375694
2015/6/17,0.014613,0.000184118,0.007398559,-2.03E-05,-0.0072,-0.006839306
2015/6/18,-0.040531,0.000594591,-0.019968205,0.004968465,0.0081,0.007695694
2015/6/19,-0.059526,0.000569094,-0.029478453,-0.001896844,0.008,0.007600694
2015/6/23,0.032141,-0.000167321,0.01598684,0.004677381,-0.0087,-0.008264306
2015/6/24,0.019648,0.000475689,0.010061845,-0.004078628,-0.0098,-0.009309306
2015/6/25,-0.035575,-0.000155016,-0.017865008,-0.003336197,0.0004,0.000380694
2015/6/26,-0.078683,0.000235317,-0.039223842,-0.002084586,-0.0005,-0.000474306
2015/6/29,-0.033358,0.000820966,-0.016268517,-0.022636886,0.0025,0.002375694
2015/6/30,0.067147,-8.33E-05,0.03353185,0.000328819,-0.0026,-0.002469306
2015/7/1,-0.049179,0.000154889,-0.024512056,0.00788906,-0.0024,-0.002279306
2015/7/2,-0.034099,-7.41E-05,-0.01708655,0.000468823,-0.007,-0.006649306
2015/7/3,-0.05406,0.000151204,-0.026954398,-0.001894788,0.0045,0.004275694
2015/7/6,0.028982,0.002043693,0.015512847,-0.009287799,-0.0003,-0.000284306
2015/7/7,-0.01764,0.001956453,-0.007841774,-0.000432686,0.0009,0.000855694
2015/7/8,-0.067455,0.002095286,-0.032679857,-0.014037474,-0.0204,-0.019379306
2015/7/9,0.064042,-0.000806674,0.031617663,0.007317277,0.0153,0.014535694
2015/7/10,0.053604,-0.00045237,0.026575815,0.01319995,0.0006,0.000570694
2015/7/13,0.025631,0.000112078,0.012871539,0.011860379,-0.0059,-0.005604306
2015/7/14,-0.023663,-0.000420854,-0.012041927,0.00473713,-0.0026,-0.002469306
2015/7/15,-0.035356,9.14E-06,-0.01767343,0.000604461,0.0021,0.001995694
2015/7/16,0.007713,0.000511204,0.004112102,0.008336522,-0.0073,-0.006934306
2015/7/17,0.03856,0.000387926,0.019473963,0.000399401,-0.0018,-0.001709306
2015/7/20,0.002196,0.000863821,0.001529911,0.000658748,-0.0247,-0.023464306
2015/7/21,0.001296,0.000546189,0.000921094,-0.003251676,-0.0081,-0.007694306
2015/7/22,-0.002123,0.000159877,-0.000981561,-0.005523867,-0.0126,-0.011969306
2015/7/23,0.022526,0.00084484,0.01168542,-0.002918151,0.003,0.002850694
2015/7/24,-0.017532,0.001442911,-0.008044545,-0.009264492,-0.0107,-0.010164306
2015/7/27,-0.085614,0.000452989,-0.042580506,-0.01039014,0.0193,0.018335694
2015/7/28,-0.002,0.00093345,-0.000533275,0.008131755,-0.0084,-0.007979306
2015/7/29,0.0313,0.000566814,0.015933407,0.007188074,0.0001,9.57E-05
2015/7/30,-0.029251,0.000711143,-0.014269929,0.001763919,-0.0093,-0.008834306
2015/7/31,0.000337,-9.07E-05,0.00012315,0.001619138,-0.0029,-0.002754306
2015/8/3,0.003285,-6.59E-05,0.00160955,-0.001636727,0.0112,0.010640694
2015/8/4,0.031056,0.000350838,0.015703419,-0.000910784,-0.0053,-0.005034306
2015/8/5,-0.02058,0.000913672,-0.009833164,0.004598586,-0.0024,-0.002279306
2015/8/6,-0.009064,0.000241651,-0.004411174,-0.006029441,-0.0001,-9.43E-05
2015/8/7,0.019597,0.000869735,0.010233368,-0.003590919,0.0051,0.004845694
2015/8/10,0.045411,0.000837599,0.0231243,0.009569573,0.0057,0.005415694
2015/8/11,-0.004333,-0.000917091,-0.002625046,-0.00933769,0.0229,0.021755694
2015/8/12,-0.012429,-0.001374787,-0.006901894,-0.008753893,0.0322,0.030590694
2015/8/13,0.014775,0.000479239,0.00762712,0.001396562,-0.0053,-0.005034306
2015/8/14,-0.000472,0.000724857,0.000126429,0.001025452,-0.0017,-0.001614306
2015/8/17,0.001063,0.000636205,0.000849603,0.002683931,0.0004,0.000380694
2015/8/18,-0.06191,7.96E-05,-0.0309152,-0.002799346,0.0015,0.001425694
2015/8/19,0.015874,-2.59E-05,0.00792405,-0.010450177,0.0032,0.003040694
2015/8/20,-0.032084,8.93E-05,-0.01599735,-0.01857412,0.0126,0.011970694
2015/8/21,-0.045705,0.000788304,-0.022458348,-0.028567812,0.0141,0.013395694
2015/8/24,-0.087477,0.000543001,-0.043467,-0.043177968,0.0066,0.006270694
2015/8/25,-0.071013,0.000956512,-0.035028244,0.00192945,-0.0072,-0.006839306
2015/8/26,-0.005664,0.000700451,-0.002481774,0.019302658,-0.0087,-0.008264306
2015/8/27,0.059473,0.000360203,0.029916602,0.025782934,-0.0111,-0.010544306
2015/8/28,0.042627,0.00068949,0.021658245,0.004875301,0.0001,9.57E-05
2015/8/31,0.007256,0.000938309,0.004097155,-0.005757288,0.0024,0.002280694
2015/9/1,-0.001323,0.001383939,3.05E-05,-0.028172374,0.0036,0.003420694
2015/9/2,0.001115,0.000110274,0.000612637,0.009596072,0.0013,0.001235694
2015/9/7,-0.03427,0.00093723,-0.016666385,0.000357294,-0.0166,-0.015769306
2015/9/8,0.0257,-0.000799851,0.012450074,0.016429672,-0.0018,-0.001709306
2015/9/9,0.019581,0.000228284,0.009904642,0.003206466,0.0023,0.002185694
2015/9/10,-0.01228,-0.000113816,-0.006196908,-0.002889731,-0.013,-0.012349306
2015/9/11,-0.003089,0.000284573,-0.001402214,-0.000197598,0.0011,0.001045694
2015/9/14,-0.019735,0.000838503,-0.009448248,-0.004216259,-0.0016,-0.001519306
2015/9/15,-0.039285,0.000145418,-0.019569791,0.008269748,-0.0002,-0.000189306
2015/9/16,0.049811,0.000633644,0.025222322,0.01089215,0.0004,0.000380694
2015/9/17,-0.021832,5.38E-06,-0.01091331,0.000129817,0.0106,0.010070694
2015/9/18,0.00441,9.33E-05,0.00225165,-0.014451055,0.0066,0.006270694
2015/9/21,0.017524,0.00024813,0.008886065,0.001953597,0.0088,0.008360694
2015/9/22,0.009305,-0.000453099,0.004425951,-0.014546729,-0.0026,-0.002469306
2015/9/23,-0.022762,-1.20E-05,-0.011387,-0.002712196,-0.0038,-0.003609306
2015/9/24,0.006733,4.13E-05,0.00338715,-0.008181008,0.0057,0.005415694
2015/9/25,-0.016149,0.00024937,-0.007949815,0.007034814,0.006,0.005700694
2015/9/28,0.003342,0.000487256,0.001914628,-0.021180199,-0.0065,-0.006174306
2015/9/29,-0.019705,0.000572471,-0.009566265,-0.006087968,-0.0134,-0.012729306
2015/9/30,0.007579,0.000566171,0.004072586,0.020211058,-0.0003,-0.000284306
2015/10/8,0.029202,0.000919209,0.015060605,0.004895934,0.0195,0.018525694
2015/10/9,0.013237,0.000851575,0.007044288,0.004614526,-0.001,-0.000949306
2015/10/12,0.032208,0.001408551,0.016808276,4.27E-05,0.0104,0.009880694
2015/10/13,-0.000769,0.000424232,-0.000172384,-0.007092653,-0.0038,-0.003609306
2015/10/14,-0.011301,0.001651007,-0.004824997,-0.00707877,0.015,0.014250694
2015/10/15,0.023694,0.000467885,0.012080943,0.012936639,0.0065,0.006175694
2015/10/16,0.013551,-0.000433838,0.006558581,0.005112846,-0.0035,-0.003324306
2015/10/19,3.30E-05,0.000103905,6.85E-05,-0.000297974,-0.0044,-0.004179306
2015/10/20,0.012314,0.000768223,0.006541112,-0.001511603,0.0025,0.002375694
2015/10/21,-0.029194,0.000777125,-0.014208438,-0.002132242,0.0009,0.000855694
2015/10/22,0.014764,0.000292826,0.007528413,0.011901964,-0.0053,-0.005034306
2015/10/23,0.013252,0.000786961,0.00701948,0.012585522,0.0061,0.005795694
2015/10/26,0.005046,0.001154052,0.003100026,-0.001105272,-0.0091,-0.008644306
2015/10/27,0.001008,0.001625876,0.001316938,-0.004739139,0.0006,0.000570694
2015/10/28,-0.018915,0.001146717,-0.008884142,0.00895704,0.0065,0.006175694
2015/10/29,0.002379,-0.000301981,0.00103851,-0.002723549,-0.0113,-0.010734306
2015/10/30,0.000218,-0.000191155,1.34E-05,-0.002981154,-0.0143,-0.013584306
2015/11/2,-0.016445,9.09E-05,-0.00817705,0.005331939,-0.0026,-0.002469306
2015/11/3,-0.003012,-6.08E-05,-0.0015364,0.003639767,-0.005,-0.004749306
2015/11/4,0.047048,-0.000717537,0.023165232,0.000621697,-0.0146,-0.013869306
2015/11/5,0.02134,-0.001160929,0.010089535,-0.001076939,-0.0076,-0.007219306
2015/11/6,0.023585,0.000234702,0.011909851,-4.15E-05,0.0013,0.001235694
2015/11/9,0.012385,-0.00120397,0.005590515,-0.007629948,-0.0128,-0.012159306
2015/11/10,-0.001853,-0.002254618,-0.002053809,-0.00112822,-0.0007,-0.000664306
2015/11/11,0.000106,0.000731293,0.000418647,-0.000627497,0.001,0.000950694
2015/11/12,-0.009996,0.00048658,-0.00475471,-0.01105088,-0.0048,-0.004559306
2015/11/13,-0.012932,0.000582308,-0.006174846,-0.010052697,-0.0002,-0.000189306
2015/11/16,0.004774,-4.74E-06,0.00238463,0.006883872,0.0096,0.009120694
2015/11/17,-0.001525,0.000117815,-0.000703592,0.006688182,-0.0148,-0.014059306
2015/11/18,-0.01139,0.000158647,-0.005615677,0.008668509,-0.0056,-0.005319306
2015/11/19,0.015984,-0.000573525,0.007705238,0.003220141,0.003,0.002850694
2015/11/20,-0.000155,0.000280117,6.26E-05,0.002772104,0.0068,0.006460694
2015/11/23,-0.005577,0.000570141,-0.00250343,-0.001475754,-0.0102,-0.009689306
2015/11/24,0.000148,6.39E-05,0.00010595,-0.001915071,0.0028,0.002660694
2015/11/25,0.007384,0.000941942,0.004162971,0.001772754,0.0063,0.005985694
2015/11/26,-0.005865,0.000491217,-0.002686892,0.002873025,-0.0044,-0.004179306
2015/11/27,-0.053848,0.000367493,-0.026740254,-0.001826825,-0.0048,-0.004559306
2015/11/30,0.002648,0.000762475,0.001705237,-0.003805919,-0.0125,-0.011874306
2015/12/1,0.007089,0.00078491,0.003936955,0.008726514,0.0161,0.015295694
2015/12/2,0.036267,0.000258286,0.018262643,-0.006477917,-0.0045,-0.004274306
2015/12/3,0.007347,0.000557707,0.003952354,-0.014227685,-0.0107,-0.010164306
2015/12/4,-0.019125,0.000997539,-0.009063731,0.00661426,0.0082,0.007790694
2015/12/7,0.002723,0.000781697,0.001752348,-0.003148945,0.0229,0.021755694
2015/12/8,-0.017515,0.000881663,-0.008316668,-0.009539855,-0.0004,-0.000379306
2015/12/9,0.003566,-0.000101076,0.001732462,-0.006229801,-0.0072,-0.006839306
2015/12/10,-0.003535,0.001041419,-0.001246791,-0.000770235,-0.0021,-0.001994306
2015/12/11,-0.004147,0.000413903,-0.001866549,-0.016230221,0.001,0.000950694
2015/12/14,0.02862,9.27E-05,0.01435635,-0.00359125,0.0047,0.004465694
2015/12/15,-0.004563,2.17E-05,-0.00227065,0.011336828,-0.0108,-0.010259306
2015/12/16,-0.002422,0.000600283,-0.000910859,0.013477613,0.0029,0.002755694
2015/12/17,0.019115,0.000413437,0.009764219,-0.00323935,0.0037,0.003515694
2015/12/18,0.003202,0.000932046,0.002067023,-0.014132689,-0.0078,-0.007409306
2015/12/21,0.026023,0.001762797,0.013892899,0.002125352,0.0115,0.010925694
2015/12/22,0.002785,0.001960218,0.002372609,0.005756579,0.0056,0.005320694
2015/12/23,-0.00267,0.000299321,-0.00118534,0.013383828,-0.0026,-0.002469306
2015/12/24,-0.009564,0.000970024,-0.004296988,-0.000636997,0.0006,0.000570694
2015/12/25,0.002298,0.001681184,0.001989592,-0.000361195,0.0018,0.001710694
2015/12/28,-0.028808,0.001240301,-0.013783849,-0.001891645,-0.0009,-0.000854306
2015/12/29,0.009186,0.000450882,0.004818441,0.009518739,-0.001,-0.000949306
2015/12/30,0.000877,0.000315359,0.00059618,-0.005610986,-0.0012,-0.001139306
2015/12/31,-0.009075,-0.000519627,-0.004797314,-0.005982054,-0.0071,-0.006744306
2016/1/4,-0.070206,-0.000481558,-0.035343779,-0.019078105,0.0086,0.008170694
2016/1/5,0.0028,-0.001108292,0.000845854,0.001435844,0.0084,0.007980694
2016/1/6,0.017543,0.000228653,0.008885827,-0.012078554,0.0064,0.006080694
2016/1/7,-0.069333,0.001314021,-0.03400949,-0.022693289,0.0226,0.021470694
2016/1/8,0.020392,0.000662248,0.010527124,-0.00902259,0.0013,0.001235694
2016/1/11,-0.050308,0.000686773,-0.024810614,-0.003383057,0.0058,0.005510694
2016/1/12,0.007286,0.001306467,0.004296234,0.004100788,-0.0101,-0.009594306
2016/1/13,-0.018606,0.001763631,-0.008421185,-0.009869764,-0.0139,-0.013204306
2016/1/14,0.020816,0.001026009,0.010921005,0.00286441,0.0093,0.008835694
2016/1/15,-0.031923,-0.000430436,-0.016176718,-0.019148158,-0.0039,-0.003704306
2016/1/18,0.003847,-0.000254905,0.001796047,-0.003214835,0.0052,0.004940694
2016/1/19,0.029513,-0.000194841,0.014659079,0.00563242,-0.0017,-0.001614306
2016/1/20,-0.015124,-0.000752336,-0.007938168,-0.020033001,0.0043,0.004085694
2016/1/21,-0.029307,-0.000127316,-0.014717158,0.004150165,0.008,0.007600694
2016/1/22,0.010423,0.000928949,0.005675975,0.024892542,-0.0071,-0.006744306
2016/1/25,0.004954,-0.000825159,0.002064421,-0.007834823,0.0051,0.004845694
2016/1/26,-0.060206,-0.000768547,-0.030487274,0.006874768,0.0142,0.013490694
2016/1/27,-0.003454,-0.000972426,-0.002213213,-0.001568555,0.0004,0.000380694
2016/1/28,-0.026139,-0.000768727,-0.013453864,-0.000231032,-0.0013,-0.001234306
2016/1/29,0.032355,0.00100197,0.016678485,0.023709387,-0.0013,-0.001234306
2016/2/1,-0.015289,0.000339065,-0.007474968,0.000519187,0.0068,0.006460694
2016/2/2,0.020781,1.74E-05,0.0103992,-0.01750784,0.0017,0.001615694
2016/2/3,-0.004287,-0.000719026,-0.002503013,-0.004822376,0,6.94E-07
2016/2/4,0.01225,0.000350785,0.006300393,0.003045896,0.0138,0.013110694
2016/2/5,-0.007026,0.000120558,-0.003452721,-0.013020773,0.0089,0.008455694
2016/2/15,-0.005764,0.002066046,-0.001848977,0.014819975,0.04,0.038000694
2016/2/16,0.030654,-0.000236542,0.015208729,0.011076923,-0.0091,-0.008644306
2016/2/17,0.008655,-9.37E-05,0.00428065,0.014724472,0.0104,0.009880694
2016/2/18,-0.003141,7.35E-05,-0.00153375,0.000438323,-0.0037,-0.003514306
2016/2/19,-0.000692,0.000671627,-1.02E-05,-0.003274455,0.0142,0.013490694
2016/2/22,0.022049,0.000322581,0.01118579,0.01332593,-0.007,-0.006649306
2016/2/23,-0.00946,0.00013292,-0.00466354,-0.010913242,0.0051,0.004845694
2016/2/24,0.006533,8.55E-05,0.00330925,-0.00413185,0.0032,0.003040694
2016/2/25,-0.061358,-6.12E-05,-0.0307096,0.011566187,0.013,0.012350694
2016/2/26,0.010032,-0.00018317,0.004924415,0.003826589,0.0003,0.000285694
2016/2/29,-0.023936,0.00046639,-0.011734805,-0.004816362,-0.006,-0.005699306
2016/3/1,0.018498,0.000589214,0.009543607,0.018234781,0.0087,0.008265694
2016/3/2,0.041164,4.16E-05,0.0206028,0.008582434,-0.0094,-0.008929306
2016/3/3,0.002323,0.00039718,0.00136009,0.004176531,0.0109,0.010355694
2016/3/4,0.011597,0.000236021,0.00591651,0.005071062,0.0125,0.011875694
2016/3/7,0.003539,0.000238273,0.001888637,0.000110646,0.001,0.000950694
2016/3/8,0.000912,-0.000586599,0.000162701,-0.009647298,0.0049,0.004655694
2016/3/9,-0.011509,0.000701216,-0.005403892,0.002658743,-0.0095,-0.009024306
2016/3/10,-0.019129,0.00110155,-0.009013725,-0.001983199,-0.0088,-0.008359306
2016/3/11,0.001705,0.00067691,0.001190955,0.01594177,0.0135,0.012825694
2016/3/14,0.015706,0.00056419,0.008135095,0.002373522,-0.0109,-0.010354306
2016/3/15,0.002965,0.000313006,0.001639003,-0.005152379,-0.0168,-0.015959306
2016/3/16,0.004961,0.000857622,0.002909311,0.003063361,0.0054,0.005130694
2016/3/17,0.011058,0.000479305,0.005768652,0.005097333,0.0184,0.017480694
2016/3/18,0.015287,0.000230347,0.007758674,0.0026669,-0.0053,-0.005034306
2016/3/21,0.024425,0.000128069,0.012276535,0.000523241,-0.0105,-0.009974306
2016/3/22,-0.007277,-0.000110825,-0.003693913,0.001176676,0.0092,0.008740694
2016/3/23,0.003194,0.000351465,0.001772733,-0.004918818,-0.0147,-0.013964306
2016/3/24,-0.016761,0.000338711,-0.008211145,-0.005271216,-0.0126,-0.011969306
2016/3/25,0.005018,9.87E-05,0.00255835,0.000659645,0.0041,0.003895694
2016/3/28,-0.008784,-0.000343728,-0.004563864,0.001032763,-0.0011,-0.001044306
2016/3/29,-0.010827,6.66E-05,-0.0053802,0.00502678,-0.003,-0.002849306
2016/3/30,0.025791,0.000458622,0.013124811,0.005831604,0.0144,0.013680694
2016/3/31,0.000564,8.26E-05,0.0003233,-0.002974898,-0.0115,-0.010924306
2016/4/1,0.001183,-1.03E-05,0.00058635,-0.003179789,0.0051,0.004845694
2016/4/5,0.013219,0.000597212,0.006908106,-0.012470738,-0.006,-0.005699306
2016/4/6,-0.002131,-0.000452945,-0.001291973,0.007665552,0.0021,0.001995694
2016/4/7,-0.014808,-0.000259844,-0.007533922,-0.007915045,-0.0014,-0.001329306
2016/4/8,-0.007342,-0.000419416,-0.003880708,0.005762028,0.0065,0.006175694
2016/4/11,0.013928,0.000293313,0.007110657,-0.001520393,0.0143,0.013585694
2016/4/12,-0.003605,-0.000475704,-0.002040352,0.008739021,0.0013,0.001235694
2016/4/13,0.01334,-0.000733129,0.006303436,0.015138919,-0.0057,-0.005414306
2016/4/14,0.00443,-0.001785044,0.001322478,0.003879143,-0.007,-0.006649306
2016/4/15,-0.001107,-0.000444901,-0.000775951,-0.001416856,-0.004,-0.003799306
2016/4/18,-0.013371,0.000622447,-0.006374277,0.001225385,0.0052,0.004940694
2016/4/19,0.003051,-4.95E-05,0.00150075,0.008352479,0.0063,0.005985694
2016/4/20,-0.017687,-0.00100018,-0.00934359,0.001277629,0.0004,0.000380694
2016/4/21,-0.00642,-0.001137706,-0.003778853,-0.000446599,0.0105,0.009975694
2016/4/22,0.004524,-0.000750876,0.001886562,-0.001063807,-0.0088,-0.008359306
2016/4/25,-0.004053,-0.001045783,-0.002549392,-0.0035569,-0.0053,-0.005034306
2016/4/26,0.005417,-0.001544896,0.001936052,0.001068741,-0.0025,-0.002374306
2016/4/27,-0.004166,3.88E-05,-0.0020636,0.001046248,0.0088,0.008360694
2016/4/28,-0.001685,0.000816431,-0.000434285,-0.007721349,0.0032,0.003040694
2016/4/29,-0.001214,0.000280401,-0.0004668,-0.007458997,0.0184,0.017480694
2016/5/3,0.017992,0.001038638,0.009515319,-0.009193761,0.0164,0.015580694
2016/5/4,-0.001269,0.000116054,-0.000576473,-0.006571765,-0.0086,-0.008169306
2016/5/5,0.001389,-0.00013336,0.00062782,-0.000439551,-0.0028,-0.002659306
2016/5/6,-0.026001,0.000116634,-0.012942183,0.000857501,0.0024,0.002280694
2016/5/9,-0.020681,0.000580214,-0.010050393,0.001581722,-0.0005,-0.000474306
2016/5/10,0.001141,0.001168987,0.001154994,0.011383576,-0.0078,-0.007409306
2016/5/11,0.004463,0.000253004,0.002358002,-0.006007243,0.0039,0.003705694
2016/5/12,0.002377,0.000598068,0.001487534,-0.001876336,-0.0024,-0.002279306
2016/5/13,-0.00492,0.000598862,-0.002160569,-0.005552155,0.0041,0.003895694
2016/5/16,0.006626,5.64E-05,0.0033412,0.006374467,0.007,0.006650694
2016/5/17,-0.002999,-0.000219247,-0.001609124,-0.003800454,-0.0054,-0.005129306
2016/5/18,-0.005829,-0.000514567,-0.003171784,0.000197325,0.0001,9.57E-05
2016/5/19,-0.001804,-0.00042845,-0.001116225,-0.006072031,-0.0128,-0.012159306
2016/5/20,0.005132,0.000100245,0.002616123,0.007498566,0,6.94E-07
2016/5/23,0.002925,0.000231001,0.001578,-0.002101484,-0.0015,-0.001424306
2016/5/24,-0.007666,0.000146286,-0.003759857,0.0102005,-0.0063,-0.005984306
2016/5/25,-0.001413,7.37E-05,-0.00066965,0.009011748,-0.0152,-0.014439306
2016/5/26,0.00163,3.45E-05,0.00083225,0.000903887,0.0054,0.005130694
2016/5/27,-0.000559,0.000116308,-0.000221346,0.004149824,-0.007,-0.006649306
2016/5/30,0.001375,0.000174442,0.000774721,0.001541723,-0.0106,-0.010069306
2016/5/31,0.033538,-0.00016808,0.01668496,-0.001133132,0.0063,0.005985694
2016/6/1,-0.002843,0.000122051,-0.001360475,-0.001883562,0.0054,0.005130694
2016/6/2,0.002073,-0.000211261,0.00093087,0.000171556,-0.0012,-0.001139306
2016/6/3,0.007018,-8.41E-05,0.00346695,-0.00156518,-0.0022,-0.002089306
2016/6/6,-0.003304,0.000532627,-0.001385687,0.004015719,0.0198,0.018810694
2016/6/7,-0.000546,0.000261855,-0.000142073,0.004427429,0.0016,0.001520694
2016/6/8,-0.004113,0.00013003,-0.001991485,0.00144801,0.0084,0.007980694
2016/6/13,-0.030861,0.00058276,-0.01513912,-0.012047932,0.0251,0.023845694
2016/6/14,0.003144,0.00074398,0.00194399,-0.007027915,-0.0009,-0.000854306
2016/6/15,0.013129,0.000344137,0.006736569,0.00160956,0.0047,0.004465694
2016/6/16,-0.006961,0.000709861,-0.00312557,-0.002993814,0.0179,0.017005694
2016/6/17,0.005068,0.000312783,0.002690392,0.001942991,-0.0179,-0.017004306
2016/6/20,0.000745,0.000469314,0.000607157,0.013442341,-0.0026,-0.002469306
2016/6/21,-0.002042,2.41E-05,-0.00100895,0.003892235,-0.0013,-0.001234306
2016/6/22,0.008899,0.000408871,0.004653936,-0.00015162,-0.0113,-0.010734306
2016/6/23,-0.005311,0.000265399,-0.0025228,0.012001473,0.0013,0.001235694
2016/6/24,-0.012883,0.000630371,-0.006126315,-0.040286846,0.0466,0.044270694
2016/6/27,0.0141,0.001945474,0.008022737,-0.016817969,0.005,0.004750694
2016/6/28,0.005081,0.000378965,0.002729983,0.015426847,-0.0041,-0.003894306
2016/6/29,0.004779,-0.000439959,0.002169521,0.018834201,0.0047,0.004465694
2016/6/30,0.000803,3.77E-05,0.00042035,0.011907372,-0.0053,-0.005034306
2016/7/1,8.80E-05,0.000788243,0.000438122,0.00422581,0.0156,0.014820694
2016/7/4,0.016009,0.000871011,0.008440006,0.000237376,0.0139,0.013205694
2016/7/5,0.000838,-8.73E-05,0.00037535,-0.007766823,-0.0041,-0.003894306
2016/7/6,0.002937,0.000224288,0.001580644,-0.00289187,0.0178,0.016910694
2016/7/7,-0.002129,0.000692113,-0.000718444,0.001831741,0.0015,0.001425694
2016/7/8,-0.005506,0.000975586,-0.002265207,0.010600322,-0.0089,-0.008454306
2016/7/11,0.003461,0.000639694,0.002050347,0.010596825,0.0047,0.004465694
2016/7/12,0.021806,0.000104745,0.010955373,0.008439718,-0.002,-0.001899306
2016/7/13,0.002959,-6.09E-05,0.00144905,0.001268043,-0.0102,-0.009689306
2016/7/14,-0.00186,4.95E-05,-0.00090525,0.005276822,-0.007,-0.006649306
2016/7/15,-0.000148,0.00033925,9.56E-05,0.000440926,-0.0013,-0.001234306
2016/7/18,-0.004351,0.000416522,-0.001967239,0.002161686,-0.0026,-0.002469306
2016/7/19,-0.004227,0.000495409,-0.001865796,-0.000774853,0.0025,0.002375694
2016/7/20,-0.003272,0.000791921,-0.001240039,0.004925179,-0.0041,-0.003894306
2016/7/21,0.004607,0.001430919,0.00301896,-0.001313896,-0.0088,-0.008359306
2016/7/22,-0.008412,0.000471943,-0.003970028,0.002130059,0.0059,0.005605694
2016/7/25,0.001774,0.000121899,0.00094795,-0.001583729,-0.0061,-0.005794306
2016/7/26,0.011979,6.92E-05,0.0060241,0.000146101,0.0025,0.002375694
2016/7/27,-0.015704,0.00021314,-0.00774543,0.001419061,-0.0012,-0.001139306
2016/7/28,0.000899,0.000686891,0.000792945,-0.001583762,0.0144,0.013680694
2016/7/29,-0.005342,0.000497258,-0.002422371,0.001961971,-0.0065,-0.006174306
2016/8/1,-0.008465,0.000627773,-0.003918614,-0.000562441,0.0082,0.007790694
2016/8/2,0.003854,0.000333773,0.002093887,-0.008920755,0.0067,0.006365694
2016/8/3,0.001397,0.000496533,0.000946766,-0.001240799,0.0062,0.005890694
2016/8/4,0.002437,0.000358932,0.001397966,0.003684909,-0.0098,-0.009309306
2016/8/5,0.001194,0.000539052,0.000866526,0.007804305,0.0106,0.010070694
2016/8/8,0.009071,0.000936903,0.005003952,0.003122528,-0.0195,-0.018524306
2016/8/9,0.007049,0.000867193,0.003958097,0.003693866,0.009,0.008550694
2016/8/10,-0.004188,0.001172542,-0.001507729,-0.002274325,0.002,0.001900694
2016/8/11,-0.003077,0.000655404,-0.001210798,0.004745524,-0.006,-0.005699306
2016/8/12,0.018827,0.000550314,0.009688657,0.000536248,-0.0036,-0.003419306
2016/8/15,0.03011,0.001646097,0.015878049,0.002267527,0.0019,0.001805694
2016/8/16,-0.004473,0.000399198,-0.002036901,-0.006334711,0.0022,0.002090694
2016/8/17,-0.001539,-0.000733535,-0.001136268,-0.000206984,-0.0041,-0.003894306
2016/8/18,-0.002538,-5.62E-05,-0.0012971,0.001387077,0.0073,0.006935694
2016/8/19,0.000159,-0.000286456,-6.37E-05,-0.001757288,-0.0023,-0.002184306
2016/8/22,-0.008388,-1.69E-06,-0.004194845,-0.000269235,-0.0064,-0.006079306
2016/8/23,0.001509,8.09E-05,0.00079495,0.002610209,0.0016,0.001520694
2016/8/24,-0.003581,-0.000784267,-0.002182633,-0.002913344,-0.0004,-0.000379306
2016/8/25,-0.006274,8.88E-05,-0.0030926,-0.002113683,-0.0063,-0.005984306
2016/8/26,-0.000569,4.50E-06,-0.00028225,-0.000830651,0,6.94E-07
2016/8/29,0.000209,0.000418827,0.000313914,0.003928089,-0.0049,-0.004654306
2016/8/30,0.001272,-0.000431577,0.000420212,0.00037264,0.0017,0.001615694
2016/8/31,0.004772,-0.00016922,0.00230139,-0.002007367,-0.0028,-0.002659306
2016/9/1,-0.007878,3.94E-05,-0.0039193,0,-0.006,-0.005699306
2016/9/2,0.003798,0.000372781,0.002085391,0.007257646,0.0034,0.003230694
2016/9/5,0.001679,-6.18E-06,0.00083641,0.001605764,0.0102,0.009690694
2016/9/6,0.006912,-0.000100046,0.003405977,0.002219801,0.0034,0.003230694
2016/9/7,-0.000541,-0.00010905,-0.000325025,0.000594738,0.0107,0.010165694
2016/9/8,-0.000375,0.000249606,-6.27E-05,-0.001680672,-0.0006,-0.000569306
2016/9/9,-0.006444,0.000377688,-0.003033156,-0.017204566,-0.0052,-0.004939306
2016/9/12,-0.016709,-0.000148321,-0.008428661,0.001462294,-0.0046,-0.004369306
2016/9/13,-0.000696,0.000287696,-0.000204152,-0.010241969,-0.0008,-0.000759306
2016/9/14,-0.006626,0.000406703,-0.003109649,-0.000906236,-0.0042,-0.003989306
2016/9/19,0.007532,0.000728849,0.004130424,0.003826102,-0.004,-0.003799306
2016/9/20,-0.001753,0.00038492,-0.00068404,0.000795812,-0.0011,-0.001044306
2016/9/21,0.002834,8.92E-05,0.0014616,0.009709551,0.0032,0.003040694
2016/9/22,0.007495,0.000441943,0.003968472,0.008248363,0.0086,0.008170694
2016/9/23,-0.004696,0.000612169,-0.002041916,-0.004357657,-0.0002,-0.000189306
2016/9/26,-0.016907,0.000918252,-0.007994374,-0.00993022,0.0011,0.001045694
2016/9/27,0.006357,0.000222216,0.003289608,0.003961883,0.0013,0.001235694
2016/9/28,-0.003044,3.86E-05,-0.0015027,0.003551623,-0.009,-0.008549306
2016/9/29,0.004177,0.000237267,0.002207134,-0.003104433,-0.0013,-0.001234306
2016/9/30,0.002742,0.000273016,0.001507508,0.001640093,0.0014,0.001330694
2016/10/10,0.012475,0.002236663,0.007355832,0.004475478,-0.0408,-0.038759306
2016/10/11,0.003852,0.000471559,0.00216178,-0.008250995,0.0001,9.57E-05
2016/10/12,-0.00198,-0.000125504,-0.001052752,-0.001747125,-0.0026,-0.002469306
2016/10/13,0.000799,0.000195253,0.000497127,-0.004938014,0.0021,0.001995694
2016/10/14,0.00097,0.000707792,0.000838896,0.003161774,-0.0015,-0.001424306
2016/10/17,-0.008461,0.00066326,-0.00389887,-0.003047444,0.001,0.000950694
2016/10/18,0.013257,0.000236164,0.006746582,0.007474405,0.007,0.006650694
2016/10/19,-0.001533,0.00046999,-0.000531505,0.002348296,-0.0013,-0.001234306
2016/10/20,0.000713,0.001155499,0.00093425,0.000746377,0.0051,0.004845694
2016/10/21,0.002753,0.00045922,0.00160611,-0.000310758,-0.0017,-0.001614306
2016/10/24,0.011971,0.000102805,0.006036903,0.003377958,0.0049,0.004655694
2016/10/25,-3.70E-05,-0.000345055,-0.000191027,-0.001858851,0.0015,0.001425694
2016/10/26,-0.003758,-0.000920464,-0.002339232,-0.00306247,0.0053,0.005035694
2016/10/27,-0.002714,-0.000229215,-0.001471608,-0.001722742,-0.0039,-0.003704306
2016/10/28,-0.001665,0.000384524,-0.000640238,-0.001850466,-0.0005,-0.000474306
2016/10/31,-0.001152,-0.000223061,-0.000687531,-0.001083175,0.005,0.004750694
2016/11/1,0.006826,-0.000405049,0.003210475,-0.005609426,0.0042,0.003990694
2016/11/2,-0.007651,0.000190918,-0.003730041,-0.009709349,0.0088,0.008360694
2016/11/3,0.00952,0.000200342,0.004860171,-0.004277577,0.0041,0.003895694
2016/11/4,-0.003242,4.51E-05,-0.00159845,-0.0049765,-0.0028,-0.002659306
2016/11/7,0.000721,6.12E-06,0.00036356,0.018274307,-0.0055,-0.005224306
2016/11/8,0.004328,-0.000424506,0.001951747,0.00358927,-0.0024,-0.002279306
2016/11/9,-0.005358,-0.000162528,-0.002760264,0.001924163,0.0274,0.026030694
2016/11/10,0.011201,-0.000488775,0.005356113,0.005573531,-0.02,-0.018999306
2016/11/11,0.007848,-0.000759142,0.003544429,-0.00452545,-0.0146,-0.013869306
2016/11/14,0.003812,-0.000683914,0.001564043,0.000271093,-0.0233,-0.022134306
2016/11/15,-0.00011,-0.001304062,-0.000707031,0.005462089,0.0063,0.005985694
2016/11/16,-8.10E-05,-0.000842213,-0.000461607,0,-0.0016,-0.001519306
2016/11/17,0.002024,-0.001121289,0.000451355,0.004354227,0.0007,0.000665694
2016/11/18,-0.005552,-0.00102182,-0.00328691,-0.001548339,-0.0101,-0.009594306
2016/11/21,0.006922,0.000203901,0.003562951,0.005499959,0.0078,0.007410694
2016/11/22,0.00792,0.000253704,0.004086852,0.003372404,-0.0014,-0.001329306
2016/11/23,0.001835,0.000320829,0.001077915,0.000635324,0.0022,0.002090694
2016/11/24,0.004032,0.000398529,0.002215265,0.000798771,-0.0095,-0.009024306
2016/11/25,0.009332,-0.000167853,0.004582074,0.003786018,-0.0038,-0.003609306
2016/11/28,0.003914,0.000243987,0.002078994,-0.004077555,0.0046,0.004370694
2016/11/29,0.008192,-0.000633315,0.003779343,0.000573195,-0.007,-0.006649306
2016/11/30,-0.007306,-0.001892193,-0.004599097,2.05E-05,-0.0029,-0.002754306
2016/12/1,0.007641,-0.001498676,0.003071162,-0.002925652,-0.0088,-0.008359306
2016/12/2,-0.010121,-0.001771114,-0.005946057,-0.001949318,-0.0008,-0.000759306
2016/12/5,-0.016874,-0.000297679,-0.00858584,0.004152961,-0.0013,-0.001234306
2016/12/6,-0.002956,-0.002245922,-0.002600961,0.005282339,-0.0012,-0.001139306
2016/12/7,0.004797,-0.001759599,0.001518701,0.011120163,0.0029,0.002755694
2016/12/8,-0.001612,0.000413124,-0.000599438,0.005821214,0.0115,0.010925694
2016/12/9,0.006788,8.98E-05,0.0034389,0.004926404,-0.0074,-0.007029306
2016/12/12,-0.024192,-0.001346639,-0.01276932,-0.002192065,-0.0056,-0.005319306
2016/12/13,-0.001215,-0.002706525,-0.001960763,0.006750414,0.0013,0.001235694
2016/12/14,-0.007662,-0.00222214,-0.00494207,-0.006169533,0.0022,0.002090694
2016/12/15,-0.011397,-0.00729403,-0.009345515,0.002774562,-0.011,-0.010449306
2016/12/16,0.001676,-0.00110054,0.00028773,-5.97E-05,-0.0034,-0.003229306
2016/12/19,-0.005095,-0.002165099,-0.003630049,0.000318509,0.0025,0.002375694
2016/12/20,-0.005983,-0.00257193,-0.004277465,0.00318408,-0.0027,-0.002564306
2016/12/21,0.008906,0.001336222,0.005121111,-0.002003571,-0.0042,-0.003989306
2016/12/22,-0.000858,0.002481941,0.000811971,-0.001808821,-0.0037,-0.003514306
2016/12/23,-0.008416,0.002144733,-0.003135634,0.000677048,0.0003,0.000285694
2016/12/26,0.004475,0.001422182,0.002948591,-0.000218897,0.0051,0.004845694
2016/12/27,-0.001811,0.000280145,-0.000765428,0.001870982,0.001,0.000950694
2016/12/28,-0.004371,4.46E-05,-0.0021632,-0.003377372,0.0009,0.000855694
2016/12/29,-0.001249,0.001345401,4.82E-05,-0.000538224,0.0041,0.003895694
2016/12/30,0.003735,0.002241986,0.002988493,-0.00205433,0.0035,0.003325694
2016/12/31,0.003735,0,0.0018675,-0.00205433,0,6.94E-07
2017/1/3,0.009712,0.000194197,0.004953099,0.007108626,-0.0009,-0.000854306
2017/1/4,0.007805,-0.000511875,0.003646562,0.005948132,0.0046,0.004370694
2017/1/5,-0.000155,-0.000737159,-0.000446079,0.000926364,-0.0005,-0.000474306
2017/1/6,-0.005975,0.000562684,-0.002706158,0.002028238,0.0021,0.001995694
2017/1/9,0.00485,0.000623333,0.002736667,-0.001984829,0.0023,0.002185694
2017/1/10,-0.001674,0.001092716,-0.000290642,0.000433199,0.0083,0.007885694
2017/1/11,-0.00708,-0.000162107,-0.003621053,0.003050761,0.0037,0.003515694
2017/1/12,-0.00506,0.000318578,-0.002370711,-0.002884502,0.0009,0.000855694
2017/1/13,0.00069,0.000350893,0.000520447,0.003522582,-0.002,-0.001899306
2017/1/16,-0.000141,0.000161457,1.02E-05,-0.002431659,0.0064,0.006080694
2017/1/17,0.002082,-0.001600095,0.000240953,-0.004069196,0.0062,0.005890694
2017/1/18,0.003911,-0.000516381,0.00169731,0.002033042,-0.0042,-0.003989306
2017/1/19,-0.003017,-0.000538293,-0.001777647,-0.001477367,-0.0111,-0.010544306
2017/1/20,0.007689,0.000275846,0.003982423,0.001775463,0.0038,0.003610694
2017/1/23,0.00274,0.000581738,0.001660869,-0.003288632,0.0046,0.004370694
2017/1/24,0.00011,6.66E-05,8.83E-05,0.004840558,-0.0016,-0.001519306
2017/1/25,0.003404,-0.001895543,0.000754229,0.007746908,-0.0066,-0.006269306
2017/1/26,0.003571,-0.000488335,0.001541332,0.001443818,-0.0068,-0.006459306
2017/2/3,-0.006927,-0.000836739,-0.00388187,0.005643496,0.0115,0.010925694
2017/2/6,0.00259,-0.002304958,0.000142521,-0.001818466,0.0092,0.008740694
2017/2/7,-0.002229,-0.002133362,-0.002181181,0.000235068,0.0087,0.008265694
2017/2/8,0.00523,-0.000965106,0.002132447,0.001488416,0.0007,0.000665694
2017/2/9,0.003844,0.000292339,0.00206817,0.004575943,0.0071,0.006745694
2017/2/10,0.005063,0.000191773,0.002627387,0.00496389,-0.0126,-0.011969306
2017/2/13,0.006676,0.000197477,0.003436738,0.005268663,0.0066,0.006270694
2017/2/14,-0.000137,-2.18E-05,-7.94E-05,0.000790011,-0.0021,-0.001994306
2017/2/15,-0.004101,-0.000258856,-0.002179928,0.005294673,-0.0024,-0.002279306
2017/2/16,0.005617,0.000498901,0.003057951,-0.000708622,0.0056,0.005320694
2017/2/17,-0.005665,0.001125841,-0.00226958,0.000306649,0.003,0.002850694
2017/2/20,0.014599,0.001160685,0.007879843,0.000613109,-0.0009,-0.000854306
2017/2/21,0.003293,-2.92E-05,0.0016319,0.005016754,0.0002,0.000190694
2017/2/22,0.001991,-0.000116796,0.000937102,-3.81E-05,0.0002,0.000190694
2017/2/23,-0.004709,0.000741513,-0.001983744,-0.000876441,0.0022,0.002090694
2017/2/24,0.000152,0.000316411,0.000234206,-0.002479071,0.0124,0.011780694
2017/2/27,-0.007953,0.000505068,-0.003723966,-0.000497046,0.0035,0.003325694
2017/2/28,0.001912,-0.000112625,0.000899688,-0.001702274,0.0044,0.004180694
2017/3/1,0.00163,-0.000395091,0.000617455,0.012185309,-0.0136,-0.012919306
2017/3/2,-0.006749,-0.000676668,-0.003712834,-0.002403937,0.0013,0.001235694
2017/3/3,-0.002106,0.000132792,-0.000986604,-0.000284614,-0.0076,-0.007219306
2017/3/6,0.005432,-5.84E-05,0.0026868,-0.002315518,0.0011,0.001045694
2017/3/7,0.002168,-9.50E-05,0.0010365,-0.001807252,-0.0042,-0.003989306
2017/3/8,-0.001513,-0.000600439,-0.00105672,-0.001600884,-0.0057,-0.005414306
2017/3/9,-0.006318,-0.000683847,-0.003500924,5.73E-05,-0.0057,-0.005414306
2017/3/10,0.000277,-0.000400043,-6.15E-05,0.003798435,-0.0066,-0.006269306
2017/3/13,0.008812,0.000239663,0.004525832,0.002129723,0.0092,0.008740694
2017/3/14,-0.000406,0.000514752,5.44E-05,-0.002523671,-0.0059,-0.005604306
2017/3/15,0.002011,0.000122606,0.001066803,0.005383503,0.0008,0.000760694
2017/3/16,0.005157,0.001552437,0.003354719,0.002213771,0.0161,0.015295694
2017/3/17,-0.010255,0.000102954,-0.005076023,-0.000509742,-0.001,-0.000949306
2017/3/20,0.001105,-0.000193877,0.000455562,-0.001208893,0.0053,0.005035694
2017/3/21,0.004851,-0.000705299,0.002072851,-0.008472493,-0.0048,-0.004559306
2017/3/22,-0.004701,0.000199775,-0.002250613,-0.002708425,0.0089,0.008455694
2017/3/23,0.003457,-9.96E-05,0.0016787,0.001396141,0,6.94E-07
2017/3/24,0.007979,0.000799594,0.004389297,0.000420168,-0.0012,-0.001139306
2017/3/27,-0.003313,0.000892176,-0.001210412,-0.002691764,0.0095,0.009025694
2017/3/28,-0.002366,0.000420549,-0.000972726,0.007388833,-0.0011,-0.001044306
2017/3/29,-0.00133,-0.000137649,-0.000733825,0.001938169,-0.0017,-0.001614306
2017/3/30,-0.008206,-0.000265054,-0.004235527,0.00085342,-0.0005,-0.000474306
2017/3/31,0.005612,1.37E-05,0.00281285,-0.002804411,-0.0064,-0.006079306
2017/4/5,0.013845,0.000475388,0.007160194,-0.001235647,0.0102,0.009690694
2017/4/6,0.002898,-0.00023187,0.001333065,-0.000209368,-0.0015,-0.001424306
2017/4/7,0.000972,0.000632364,0.000802182,0.000342674,0.0097,0.009215694
2017/4/10,-0.003504,0.00037621,-0.001563895,0.000818331,-0.0054,-0.005129306
2017/4/11,0.003477,-5.65E-05,0.00171025,-0.001464185,0.0016,0.001520694
2017/4/12,-0.002243,0.000194037,-0.001024482,-0.002647014,0.0091,0.008645694
2017/4/13,0.001461,4.05E-05,0.00075075,-0.005422641,0.008,0.007600694
2017/4/14,-0.007984,-0.000285282,-0.004134641,-0.000691125,-0.0003,-0.000284306
2017/4/17,-0.001882,-0.001438231,-0.001660116,0.005379133,0.001,0.000950694
2017/4/18,-0.004942,-0.001015071,-0.002978535,-0.005254811,-0.0027,-0.002564306
2017/4/19,-0.004871,-2.29E-06,-0.002436645,-0.001383073,-0.0013,-0.001234306
2017/4/20,0.004548,-0.000634493,0.001956754,0.005616897,-0.0009,-0.000854306
2017/4/21,0.001513,-0.000667528,0.000422736,-0.000573855,-0.0005,-0.000474306
2017/4/24,-0.010248,-0.001196739,-0.00572237,0.013244526,-0.0063,-0.005984306
2017/4/25,0.002831,-0.000377978,0.001226511,0.006233472,-0.001,-0.000949306
2017/4/26,0.001223,-7.06E-05,0.0005762,0.001426694,-0.0044,-0.004179306
2017/4/27,0.000446,-2.01E-05,0.00021295,-0.000768567,0.0019,0.001805694
2017/4/28,-0.002021,0.000213465,-0.000903768,-0.001594597,0.003,0.002850694
2017/5/2,-0.003831,2.24E-05,-0.0019043,0.003170315,-0.0089,-0.008454306
2017/5/3,-0.003925,-0.001023475,-0.002474238,-0.001458598,-0.002,-0.001899306
2017/5/4,-0.002561,-0.001024523,-0.001792762,0.001367092,-0.0149,-0.014154306
2017/5/5,-0.006414,-0.000846788,-0.003630394,0.003740345,-0.0012,-0.001139306
2017/5/8,-0.007018,-0.000792847,-0.003905424,0.002273108,-0.0013,-0.001234306
2017/5/9,-0.00187,-0.001277162,-0.001573581,0.000557693,-0.0011,-0.001044306
2017/5/10,-0.004424,-0.00172793,-0.003075965,0.001653568,-0.0048,-0.004559306
2017/5/11,0.005676,-0.000887696,0.002394152,-0.001650838,0.0014,0.001330694
2017/5/12,0.00856,-0.000386725,0.004086638,-0.000260112,0.0046,0.004370694
2017/5/15,0.004081,0.000355069,0.002218035,0.003605345,0.0028,0.002660694
2017/5/16,0.008665,-0.000251466,0.004206767,0.000425902,0.0015,0.001425694
2017/5/17,-0.005449,-0.000343468,-0.002896234,-0.013882205,0.0033,0.003135694
2017/5/18,-0.003476,0.000193195,-0.001641403,-0.00212103,0.008,0.007600694
2017/5/19,0.001688,-0.000268917,0.000709542,0.006226135,-0.002,-0.001899306
2017/5/22,0.002171,-7.00E-05,0.0010505,0.004112611,0.0026,0.002470694
2017/5/23,0.003798,-0.000149834,0.001824083,0.00122873,0.005,0.004750694
2017/5/24,-8.00E-06,0.000235489,0.000113745,0.002008181,-0.0103,-0.009784306
2017/5/25,0.017958,0.000378892,0.009168446,0.003321704,0.0045,0.004275694
2017/5/26,-0.001499,0.000152656,-0.000673172,-5.55E-05,0.0021,0.001995694
2017/5/31,0.003577,0.001144167,0.002360584,-0.001389532,-0.0048,-0.004559306
2017/6/1,0.00139,0.000309537,0.000849769,0.006400742,0,6.94E-07
2017/6/2,-0.003211,7.10E-05,-0.00157,0.004922113,-0.003,-0.002849306
2017/6/5,-0.005092,0.000574388,-0.002258806,-0.001595979,0.0133,0.012635694
2017/6/6,0.006956,0.000119427,0.003537714,-0.00361966,0.0047,0.004465694
2017/6/7,0.011735,2.02E-05,0.0058776,0.000202847,0.0019,0.001805694
2017/6/8,0.007671,0.000124025,0.003897513,0.000350301,-0.0037,-0.003514306
2017/6/9,0.004266,0.000425095,0.002345548,0.000903093,-0.0105,-0.009974306
2017/6/12,-0.000498,0.00131683,0.000409415,-0.00331449,-0.0031,-0.002944306
2017/6/13,0.002204,0.001324886,0.001764443,0.003990615,-0.0018,-0.001709306
2017/6/14,-0.013111,0.000847587,-0.006131706,-0.001214508,0.0034,0.003230694
2017/6/15,-0.00184,0.000814121,-0.00051294,-0.003924314,-0.0066,-0.006269306
2017/6/16,-0.002843,0.000303684,-0.001269658,0.002219592,-0.0021,-0.001994306
2017/6/19,0.009919,0.001482375,0.005700688,0.008268123,-0.0023,-0.002184306
2017/6/20,-0.002018,0.001342077,-0.000337962,-0.00477742,-0.0009,-0.000854306
2017/6/21,0.011691,0.000327344,0.006009172,-0.00161851,-0.0008,-0.000759306
2017/6/22,0.000665,-0.000149888,0.000257556,0.000423705,0.0061,0.005795694
2017/6/23,0.009063,-0.000310692,0.004376154,0.000718153,0.0011,0.001045694
2017/6/26,0.012479,0.001125251,0.006802126,0.001784893,0.0004,0.000380694
2017/6/27,0.001806,0.001131418,0.001468709,-0.005602292,-0.0048,-0.004559306
2017/6/28,-0.007769,0.000281536,-0.003743732,0.004100707,-0.0022,-0.002089306
2017/6/29,0.006215,0.000398492,0.003306746,-0.006659431,-0.0033,-0.003134306
2017/6/30,-0.000553,8.45E-05,-0.00023425,-0.001518603,-0.007,-0.006649306
2017/7/3,-0.00435,-5.25E-05,-0.00220125,0.004080497,-0.0046,-0.004369306
2017/7/4,-0.008453,-0.000222557,-0.004337779,-0.001403898,-0.0054,-0.005129306
2017/7/5,0.010966,0.000269982,0.005617991,0.001923824,-0.0013,-0.001234306
2017/7/6,0.000114,0.000911871,0.000512936,-0.006794306,0.0004,0.000380694
2017/7/7,-0.001139,0.000111742,-0.000513629,0.002286458,-0.0012,-0.001139306
2017/7/10,-0.000613,0.000413856,-9.96E-05,0.002670722,-0.0149,-0.014154306
2017/7/11,0.004686,0.000181201,0.002433601,0.000517924,0.0067,0.006365694
2017/7/12,-0.003265,0.000462605,-0.001401198,0.006988353,0.005,0.004750694
2017/7/13,0.007679,0.000423668,0.004051334,0.002625395,0.0007,0.000665694
2017/7/14,0.004387,0.000199791,0.002293396,0.003241105,-0.0049,-0.004654306
2017/7/17,-0.010677,0.000769412,-0.004953794,0.00025553,0.0094,0.008930694
2017/7/18,0.000989,-0.000474826,0.000257087,-0.001770008,0.002,0.001900694
2017/7/19,0.017061,5.46E-05,0.0085578,0.005118362,0.0018,0.001710694
2017/7/20,0.004863,0.000436341,0.002649671,0.001036646,-0.0002,-0.000189306
2017/7/21,-0.005146,2.50E-05,-0.0025605,-0.002906871,0.007,0.006650694
2017/7/24,0.003988,0.000209825,0.002098913,-0.001621661,0.0022,0.002090694
2017/7/25,-0.006387,-0.000301311,-0.003344156,0.002701075,0.0001,9.57E-05
2017/7/26,-0.00381,-0.000437886,-0.002123943,0.001710926,-0.0056,-0.005319306
2017/7/27,0.001837,-8.36E-05,0.0008767,0.000236213,0.0084,0.007980694
2017/7/28,0.002612,0.000165004,0.001388502,-0.003615027,-0.0011,-0.001044306
2017/7/31,0.004294,3.58E-05,0.0021649,-0.000164087,0.003,0.002850694
2017/8/1,0.008697,-0.000404463,0.004146268,0.003829322,0.0007,0.000665694
2017/8/2,-0.002528,4.21E-05,-0.00124295,0.000217984,-0.0018,-0.001709306
2017/8/3,-0.008782,0.000145682,-0.004318159,-0.001289456,-0.0051,-0.004844306
2017/8/4,-0.005431,0.000234423,-0.002598289,0.002800458,0.0068,0.006460694
2017/8/7,0.005183,-0.000452809,0.002365096,0.002375555,-0.0069,-0.006554306
2017/8/8,0.001454,-0.000535535,0.000459233,-0.000940734,-0.0013,-0.001234306
2017/8/9,-0.000313,-0.000276737,-0.000294869,-0.00374837,0.0041,0.003895694
2017/8/10,-0.004053,0.000165177,-0.001943912,-0.011705473,0.0042,0.003990694
2017/8/11,-0.018453,0.000519367,-0.008966817,-0.003016203,0.0052,0.004940694
2017/8/14,0.012977,0.000841257,0.006909129,0.008227416,-0.0004,-0.000379306
2017/8/15,0.003078,0.000343499,0.00171075,0.000914829,-0.0069,-0.006554306
2017/8/16,-0.001251,-0.000171122,-0.000711061,0.002851659,-0.0007,-0.000664306
2017/8/17,0.005365,-0.000214934,0.002575033,-0.009442044,0.0091,0.008645694
2017/8/18,0.000913,-9.61E-05,0.00040845,-0.003864343,0.0054,0.005130694
2017/8/21,0.004381,-0.00029065,0.002045175,-0.000110838,-0.0036,-0.003419306
2017/8/22,0.003022,-0.000438662,0.001291669,0.008406156,-0.003,-0.002849306
2017/8/23,0.00101,1.08E-05,0.0005104,-0.001612253,0.0012,0.001140694
2017/8/24,-0.005709,-0.000458771,-0.003083886,-0.000422065,0.0003,0.000285694
2017/8/25,0.016363,-0.000492011,0.007935495,0.000826128,-0.001,-0.000949306
2017/8/28,0.012371,-0.000266637,0.006052182,-0.000715386,0.0051,0.004845694
2017/8/29,-0.002127,-0.000163558,-0.001145279,-0.002239477,0.0106,0.010070694
2017/8/30,-6.20E-05,-0.000106017,-8.40E-05,0.005004139,-0.0113,-0.010734306
2017/8/31,-0.003184,4.33E-05,-0.00157035,0.005546708,-0.0003,-0.000284306
2017/9/1,0.00221,5.24E-05,0.0011312,0.002184599,0.0059,0.005605694
2017/9/4,0.003936,0.000117418,0.002026709,-0.002488647,0.0089,0.008455694
2017/9/5,0.002972,-0.000262164,0.001354918,-0.00524466,-0.003,-0.002849306
2017/9/6,-0.00197,0.000135677,-0.000917162,0.001263158,0.0044,0.004180694
2017/9/7,-0.005086,0.000554033,-0.002265984,0.001298131,-0.0037,-0.003514306
2017/9/8,-0.001014,0.000897242,-5.84E-05,-0.001040811,0.0013,0.001235694
2017/9/11,-9.00E-05,0.000543554,0.000226777,0.01012649,-0.0009,-0.000854306
2017/9/12,0.003212,4.10E-05,0.0016265,0.004143896,-0.0058,-0.005509306
2017/9/13,0.001217,-2.45E-05,0.00059625,0.000630733,0.0029,0.002755694
2017/9/14,-0.003292,0.000523909,-0.001384046,-0.001206642,-0.0031,-0.002944306
2017/9/15,0.00035,0.00031384,0.00033192,0,0.0014,0.001330694
2017/9/18,0.003092,0.000142661,0.001617331,0.003389892,-0.0045,-0.004274306
2017/9/19,-0.002869,1.65E-05,-0.00142625,0.00213848,-0.001,-0.000949306
2017/9/20,0.002693,2.27E-06,0.001347635,0.00043037,0.0009,0.000855694
2017/9/21,-0.001202,0.00014548,-0.00052826,-0.001200932,-0.0087,-0.008264306
2017/9/22,-2.30E-05,4.49E-05,1.10E-05,1.79E-05,0.0031,0.002945694
2017/9/25,-0.005195,0.000872712,-0.002161144,-0.002332927,-0.0027,-0.002564306
2017/9/26,0.000783,0.000135675,0.000459338,-0.00095334,0.0128,0.012160694
2017/9/27,0.00011,-0.000174253,-3.21E-05,0.00320484,-0.0087,-0.008264306
2017/9/28,0.00035,0.000174851,0.000262426,0.000879413,-0.0035,-0.003324306
2017/9/29,0.003653,0.000245771,0.001949386,0.004052503,0.0028,0.002660694
2017/9/30,0.003653,0,0.0018265,0.004052503,0,6.94E-07
2017/10/9,0.011914,0.000876726,0.006395363,-0.00091782,-0.0041,-0.003894306
2017/10/10,0.001972,-0.000145142,0.000913429,0.002455657,-0.0003,-0.000284306
2017/10/11,0.003297,0.000133256,0.001715128,0.001797579,-0.004,-0.003799306
2017/10/12,0.002631,-0.000146845,0.001242078,-7.04E-05,0.0042,0.003990694
2017/10/13,0.002057,-4.14E-05,0.0010078,0.001073169,0.0009,0.000855694
2017/10/16,-0.001927,-0.00064193,-0.001284465,0.002021019,0.0056,0.005320694
2017/10/17,-9.60E-05,-0.000910742,-0.000503371,0.000350773,-0.0051,-0.004844306
2017/10/18,0.007946,7.38E-06,0.00397669,0.001420131,-0.0033,-0.003134306
2017/10/19,-0.003274,0.000404951,-0.001434525,-0.00147064,-0.0029,-0.002754306
2017/10/20,-0.001119,0.000236741,-0.00044113,0.003717081,-0.0003,-0.000284306
2017/10/23,0.001005,0.000297984,0.000651492,-0.001799252,-0.0027,-0.002564306
2017/10/24,0.007275,0.000138451,0.003706726,0.001102497,0.0034,0.003230694
2017/10/25,0.004433,-0.000628615,0.001902193,-0.00409048,-0.0041,-0.003894306
2017/10/26,0.004181,-0.000493898,0.001843551,0.002580215,0.0022,0.002090694
2017/10/27,0.00711,-0.000642384,0.003233808,0.006127558,-0.0057,-0.005414306
2017/10/30,-0.003045,-0.001786306,-0.002415653,-0.001322452,0,6.94E-07
2017/10/31,-0.000749,-0.000682664,-0.000715832,0.001219661,0.0037,0.003515694
2017/11/1,-0.00252,0.000454661,-0.00103267,0.003602318,-0.0018,-0.001709306
2017/11/2,0.000128,8.26E-05,0.0001053,0.000312121,-0.0004,-0.000379306
2017/11/3,-0.00111,-9.00E-05,-0.0006,0.002236167,0.001,0.000950694
2017/11/6,0.007061,0.000415162,0.003738081,0.000968573,-0.0022,-0.002089306
2017/11/7,0.008296,-0.000383681,0.00395616,0.000466539,0.0049,0.004655694
2017/11/8,-0.001539,-0.000378133,-0.000958567,0.001105354,0.0008,0.000760694
2017/11/9,0.006891,-0.000217053,0.003336974,-0.004209509,0.0029,0.002755694
2017/11/10,0.008835,-0.00012365,0.004355675,-0.002668053,0.0021,0.001995694
2017/11/13,0.003931,-0.00091068,0.00151016,-0.001285481,-0.0034,-0.003229306
2017/11/14,-0.006958,-0.001287978,-0.004122989,-0.002974327,-0.0018,-0.001709306
2017/11/15,-0.006265,-0.000326693,-0.003295847,-0.00640254,0.002,0.001900694
2017/11/16,0.007694,-0.000109695,0.003792152,0.007356814,-0.0038,-0.003609306
2017/11/17,0.003858,0.000173703,0.002015852,-0.000435745,0.0031,0.002945694
2017/11/20,0.005577,1.37E-05,0.00279535,0.00127293,0.0053,0.005035694
2017/11/21,0.017826,-0.000414181,0.00870591,0.006513297,-0.0051,-0.004844306
2017/11/22,0.002339,-0.00121334,0.00056283,-0.000328748,-0.0005,-0.000474306
2017/11/23,-0.029608,-0.001595909,-0.015601955,-0.000415397,0.0017,0.001615694
2017/11/24,0.00044,6.82E-05,0.0002541,0.00166228,0.0002,0.000190694
2017/11/27,-0.01322,0.000319212,-0.006450394,-0.002679436,0.0003,0.000285694
2017/11/28,0.001451,-0.000336297,0.000557352,0.006326591,0.0013,0.001235694
2017/11/29,-0.000511,6.99E-05,-0.00022055,-0.000792311,0.0018,0.001710694
2017/11/30,-0.011755,0.000319768,-0.005717616,0.001723781,-0.0066,-0.006269306
2017/12/1,-0.001988,0.000452573,-0.000767714,-0.002736096,-0.0057,-0.005414306
2017/12/4,0.005183,0.000692869,0.002937935,0.000983556,-0.0007,-0.000664306
2017/12/5,0.005303,0.000644894,0.002973947,-0.00303396,0.0008,0.000760694
2017/12/6,-0.006027,0.000300795,-0.002863103,-0.003077774,-0.0053,-0.005034306
2017/12/7,-0.011147,0.00026183,-0.005442585,0.003139309,-0.0079,-0.007504306
2017/12/8,0.008139,2.63E-05,0.00408265,0.006570189,-0.0055,-0.005224306
2017/12/11,0.016516,-0.000358913,0.008078544,0.003469777,0.0018,0.001710694
2017/12/12,-0.013143,-0.000281859,-0.00671243,0.001437888,-0.0029,-0.002754306
2017/12/13,0.008485,-0.000141255,0.004171873,-0.000427329,0.0011,0.001045694
2017/12/14,-0.005911,0.000171589,-0.002869706,-0.003591094,0.0083,0.007885694
2017/12/15,-0.01125,0.000265346,-0.005492327,0.003655523,-0.0016,-0.001519306
2017/12/18,0.001114,0.000612878,0.000863439,0.007284417,0.0012,0.001140694
2017/12/19,0.012556,-8.28E-05,0.0062366,-0.001986182,0.0052,0.004940694
2017/12/20,-0.001199,-0.000209708,-0.000704354,-0.001530873,-0.0023,-0.002184306
2017/12/21,0.009269,-4.57E-06,0.004632215,0.002879046,-0.002,-0.001899306
2017/12/22,-0.003257,0.000294911,-0.001481044,0.000152882,0.0014,0.001330694
2017/12/25,-0.003221,0.000101132,-0.001559934,0.000135874,0.0037,0.003515694
2017/12/26,0.00299,-0.000126259,0.001431871,-0.001171756,0.0014,0.001330694
2017/12/27,-0.015397,-0.000213125,-0.007805063,0.001275142,0.0031,0.002945694
2017/12/28,0.006938,-0.000322327,0.003307837,0.000899952,0.0027,0.002565694
2017/12/29,0.002975,0.000455062,0.001715031,-0.0026635,-0.0018,-0.001709306
2017/12/31,0.002975,0,0.0014875,-0.0026635,0,6.94E-07
2018/1/2,0.014028,0.000794282,0.007411141,0.005766973,0.0084,0.007980694
2018/1/3,0.00587,5.71E-06,0.002937855,0.005378708,0.0025,0.002375694
2018/1/4,0.004237,-0.000207262,0.002014869,0.007049125,-0.0029,-0.002754306
2018/1/5,0.002407,0.00033066,0.00136883,0.006882841,0.0039,0.003705694
2018/1/8,0.005173,0.000608578,0.002890789,0.00182509,0.0012,0.001140694
2018/1/9,0.007004,0.000273294,0.003638647,0.00220268,0.0021,0.001995694
2018/1/10,0.00442,-0.000106094,0.002156953,-0.001999537,-0.0019,-0.001804306
2018/1/11,-0.000529,-0.001036518,-0.000782759,0.003079827,0.0042,0.003990694
2018/1/12,0.004616,3.71E-05,0.00232655,0.004390961,0.0021,0.001995694
2018/1/15,5.60E-05,-0.000154748,-4.94E-05,0.00037801,0.0042,0.003990694
2018/1/16,0.007866,-7.37E-05,0.00389615,-0.000640731,-0.0026,-0.002469306
2018/1/17,-0.002432,7.08E-05,-0.0011806,0.004800342,-0.0041,-0.003894306
2018/1/18,0.005485,-0.000375795,0.002554603,-0.001030742,-0.0054,-0.005129306
2018/1/19,0.003272,-1.54E-05,0.0016283,0.004749582,-0.002,-0.001899306
2018/1/22,0.011948,0.00059705,0.006272525,0.005199844,0.0013,0.001235694
2018/1/23,0.010611,0.000220406,0.005415703,0.003940519,0.0043,0.004085694
2018/1/24,0.001659,0.000168979,0.00091399,-0.002293652,0.0025,0.002375694
2018/1/25,-0.005651,0.000156964,-0.002747018,-0.001829426,0.0037,0.003515694
2018/1/26,0.003716,0.000444565,0.002080283,0.008142081,-0.0049,-0.004654306
2018/1/29,-0.018095,0.000298907,-0.008898047,-0.004359927,-0.0055,-0.005224306
2018/1/30,-0.010673,0.000167087,-0.005252956,-0.010535501,-0.0072,-0.006839306
2018/1/31,0.004651,0.000348943,0.002499972,-0.000930855,0.0002,0.000190694
2018/2/1,-0.007016,0.00055458,-0.00323071,-0.000604802,-0.0024,-0.002279306
2018/2/2,0.005967,0.000332108,0.003149554,-0.015292771,0.0013,0.001235694
2018/2/5,0.000682,0.000304094,0.000493047,-0.028618885,-0.0083,-0.007884306
2018/2/6,-0.029307,0.000745202,-0.014280899,-0.004069628,0.0064,0.006080694
2018/2/7,-0.023714,0.000568867,-0.011572567,0.001287686,-0.0126,-0.011969306
2018/2/8,-0.009493,0.000407646,-0.004542677,-0.023971604,-0.0018,-0.001709306
2018/2/9,-0.04272,9.60E-05,-0.021312,0.001054093,0.0009,0.000855694
2018/2/12,0.012876,0.001054117,0.006965059,0.011073867,0.002,0.001900694
2018/2/13,0.011703,9.54E-05,0.0058992,0.000989377,0.0039,0.003705694
2018/2/14,0.00796,0.000492113,0.004226057,0.010629628,0.0076,0.007220694
2018/2/22,0.021622,0.000768159,0.01119508,-0.001444546,-0.0068,-0.006459306
2018/2/23,0.004529,0.000279477,0.002404239,0.01109655,0.0022,0.002090694
2018/2/26,0.011626,0.001287615,0.006456808,0.008584558,0.006,0.005700694
2018/2/27,-0.014432,0.001141062,-0.006645469,-0.007026152,-0.0045,-0.004274306
2018/2/28,-0.008706,0.000816942,-0.003944529,-0.010117987,-0.0076,-0.007219306
2018/3/1,0.006324,0.000370572,0.003347286,-0.010713801,-0.0019,-0.001804306
2018/3/2,-0.008057,6.27E-05,-0.00399715,-0.003861667,0.0042,0.003990694
2018/3/5,0.000407,-1.69E-05,0.00019505,0.006288766,0.0044,0.004180694
2018/3/6,0.012062,0.000306046,0.006184023,0.005119425,-0.0035,-0.003324306
2018/3/7,-0.007355,0.000288454,-0.003533273,-0.001073181,0.0042,0.003990694
2018/3/8,0.010144,0.000615115,0.005379558,0.005985573,-0.0003,-0.000284306
2018/3/9,0.007668,0.000178217,0.003923109,0.011120152,-0.0059,-0.005604306
2018/3/12,0.004576,0.000594328,0.002585164,0.002950644,0.0007,0.000665694
2018/3/13,-0.008822,5.35E-05,-0.00438425,-0.0048977,-0.0004,-0.000379306
2018/3/14,-0.004377,-0.000129045,-0.002253023,-0.004350674,0.0016,0.001520694
2018/3/15,0.005602,0.000236706,0.002919353,0.000253071,-0.0006,-0.000569306
2018/3/16,-0.009702,0.000152132,-0.004774934,0.001012026,-0.0028,-0.002659306
2018/3/19,0.004394,0.000488439,0.00244122,-0.011525435,-0.006,-0.005699306
2018/3/20,0.000848,0.000542258,0.000695129,0.001943303,0.0034,0.003230694
2018/3/21,-0.004084,0.000675907,-0.001704047,-0.001310036,0.0009,0.000855694
2018/3/22,-0.010022,0.000953279,-0.004534361,-0.017734242,0.0087,0.008265694
2018/3/23,-0.028707,0.002756539,-0.01297523,-0.019181741,0.0105,0.009975694
2018/3/26,-0.006413,0.00053287,-0.002940065,0.013933832,-0.0029,-0.002754306
2018/3/27,0.008602,1.18E-05,0.0043069,-0.004202926,-0.0003,-0.000284306
2018/3/28,-0.018029,0.000395935,-0.008816533,-0.004168126,-0.0058,-0.005509306
2018/3/29,0.013359,0.000204327,0.006781664,0.009320812,-0.0096,-0.009119306
2018/3/30,0.001142,0.000455584,0.000798792,0.000731809,0.0024,0.002280694
2018/3/31,0.001142,0,0.000571,0.000731809,0,6.94E-07
2018/4/2,-0.00297,0.000623206,-0.001173397,-0.012710241,0.001,0.000950694
2018/4/3,-0.006288,0.00066419,-0.002811905,0.004832111,0.0059,0.005605694
2018/4/4,-0.001972,0.000878852,-0.000546574,0.003773386,-0.001,-0.000949306
2018/4/9,-0.000502,0.002384159,0.000941079,0.002890376,-0.0024,-0.002279306
2018/4/10,0.019269,0.000366435,0.009817718,0.012768336,0.0017,0.001615694
2018/4/11,0.002844,-1.11E-05,0.00141645,-0.004104722,0.0034,0.003230694
2018/4/12,-0.010082,0.000482654,-0.004799673,0.00491826,0.0043,0.004085694
2018/4/13,-0.007051,0.00045627,-0.003297365,-0.001378645,-0.0072,-0.006839306
2018/4/16,-0.016089,0.000959398,-0.007564801,0.003019949,0.0029,0.002755694
2018/4/17,-0.015811,0.00108183,-0.007364585,0.007122826,0.0022,0.002090694
2018/4/18,0.004706,0.006691551,0.005698775,0.00420247,-0.0017,-0.001614306
2018/4/19,0.012097,0.000546388,0.006321694,-0.002058418,0.0038,0.003610694
2018/4/20,-0.013376,0.000197275,-0.006589362,-0.005233371,-0.0044,-0.004179306
2018/4/23,0.001455,-0.000500804,0.000477098,0.000394139,-0.0052,-0.004939306
2018/4/24,0.020488,-0.000588699,0.00994965,-0.006012539,-0.0013,-0.001234306
2018/4/25,-0.003847,-8.82E-05,-0.0019676,-0.001999069,-0.0021,-0.001994306
2018/4/26,-0.019121,-0.00047547,-0.009798235,0.007787812,0.0028,0.002660694
2018/4/27,0.000368,-0.000565096,-9.85E-05,0.002912854,-0.0036,-0.003419306
2018/5/2,0.001802,8.83E-06,0.000905415,-0.003163908,-0.0017,-0.001614306
2018/5/3,0.007799,0.000120371,0.003959686,-0.004014617,-0.0016,-0.001519306
2018/5/4,-0.004852,0.000287088,-0.002282456,0.007596507,0.0003,0.000285694
2018/5/7,0.015787,-0.000162269,0.007812366,0.00376107,0.0019,0.001805694
2018/5/8,0.011603,-0.000582385,0.005510308,0.001004871,0.0013,0.001235694
2018/5/9,-0.001821,-0.000828518,-0.001324759,0.006210335,-0.0027,-0.002564306
2018/5/10,0.005538,-0.000307911,0.002615044,0.006408739,0.0018,0.001710694
2018/5/11,-0.005193,-5.03E-05,-0.00262165,0.002570694,0.0026,0.002470694
2018/5/14,0.009413,9.35E-05,0.00475325,0.001927267,-0.001,-0.000949306
2018/5/15,0.003787,-0.000400336,0.001693332,-0.005051434,-0.0039,-0.003704306
2018/5/16,-0.007964,-0.000366752,-0.004165376,0.002185498,-0.0088,-0.008359306
2018/5/17,-0.007397,-8.36E-05,-0.0037403,0.000285173,-0.006,-0.005699306
2018/5/18,0.010096,-1.72E-05,0.0050394,-0.001928559,0.0012,0.001140694
2018/5/21,0.004657,0.000454366,0.002555683,0.004738301,-0.0018,-0.001709306
2018/5/22,-0.003834,0.000614581,-0.00160971,-0.001454922,0.0026,0.002470694
2018/5/23,-0.013216,0.000545652,-0.006335174,-0.002545637,0.0018,0.001710694
2018/5/24,-0.007099,0.000524358,-0.003287321,-0.003206958,0.0044,0.004180694
2018/5/25,-0.002801,0.000701354,-0.001049823,-0.001465461,0.0046,0.004370694
2018/5/28,0.004392,0.000890151,0.002641076,-0.000944669,-0.004,-0.003799306
2018/5/29,-0.007631,8.55E-05,-0.00377275,-0.010249223,0.0022,0.002090694
2018/5/30,-0.021198,0.000238723,-0.010479639,0.004776771,0.0017,0.001615694
2018/5/31,0.021218,-0.00010638,0.01055581,-0.003276907,0.0026,0.002470694
2018/6/1,-0.00836,-0.000197347,-0.004278674,0.008500273,-0.0017,-0.001614306
2018/6/4,0.00981,-0.000137288,0.004836356,0.00619901,-0.0043,-0.004084306
2018/6/5,0.009911,-0.000478093,0.004716453,-0.000352526,-0.0016,-0.001519306
2018/6/6,-0.002071,-0.000207438,-0.001139219,0.005911098,0.0014,0.001330694
2018/6/7,-0.001652,-0.000175476,-0.000913738,0.000217025,0.0008,0.000760694
2018/6/8,-0.013416,0.000232906,-0.006591547,-0.000751077,0.0001,9.57E-05
2018/6/11,9.70E-05,0.000429285,0.000263143,0.002872939,0.0005,0.000475694
2018/6/12,0.012162,-0.000251504,0.005955248,0.001349078,-0.0006,-0.000569306
2018/6/13,-0.009831,2.81E-05,-0.00490145,-0.002361864,-0.0009,-0.000854306
2018/6/14,-0.003953,0.000484364,-0.001734318,0.00165055,0.004,0.003800694
2018/6/15,-0.005282,0.000802287,-0.002239857,-0.00234691,-0.001,-0.000949306
2018/6/19,-0.035252,0.00124792,-0.01700204,-0.007100275,-0.0032,-0.003039306
2018/6/20,0.003957,0.000102901,0.00202995,0.003271942,-0.0057,-0.005414306
2018/6/21,-0.011685,0.000354889,-0.005665056,-0.006808325,-0.0021,-0.001994306
2018/6/22,0.004436,0.000585771,0.002510885,0.003706775,0.0035,0.003325694
2018/6/25,-0.013419,0.000568387,-0.006425307,-0.014300169,0.0018,0.001710694
2018/6/26,-0.008248,0.000130754,-0.004058623,0.001300212,0.0001,9.57E-05
2018/6/27,-0.020347,0.000205443,-0.010070779,-0.004852378,0.0013,0.001235694
2018/6/28,-0.010331,0.001053367,-0.004638817,0.001699746,-0.0021,-0.001994306
2018/6/29,0.025546,0.0018922,0.0137191,0.004524964,0.0014,0.001330694
2018/6/30,0.025546,0,0.012773,0.004524964,0,6.94E-07
2018/7/2,-0.029342,0.001335016,-0.014003492,-0.002320542,0.0001,9.57E-05
2018/7/3,0.000386,0.001100822,0.000743411,-0.001539225,0.0016,0.001520694
2018/7/4,-0.013356,0.000550079,-0.006402961,-0.000496737,0.0021,0.001995694
2018/7/5,-0.006335,0.000589085,-0.002872957,0.005038388,-0.0004,-0.000379306
2018/7/6,0.006787,0.000521626,0.003654313,0.006718276,0.0034,0.003230694
2018/7/9,0.027952,0.000127066,0.014039533,0.008739837,-0.0004,-0.000379306
2018/7/10,0.002409,-0.000350615,0.001029193,0.002904829,-0.0032,-0.003039306
2018/7/11,-0.017299,0.000108549,-0.008595226,-0.008488339,0.0028,0.002660694
2018/7/12,0.021578,0.000573228,0.011075614,0.007919354,-0.0038,-0.003609306
2018/7/13,0.003342,0.000641037,0.001991519,0.002429177,-0.0007,-0.000664306
2018/7/16,-0.005899,0.000720704,-0.002589148,-0.002038906,0.0013,0.001235694
2018/7/17,-0.00654,0.000407724,-0.003066138,0.003181833,-0.001,-0.000949306
2018/7/18,-0.005234,0.000398852,-0.002417574,0.0027711,-0.009,-0.008549306
2018/7/19,-0.000868,0.00079249,-3.78E-05,-0.002696854,0.0031,0.002945694
2018/7/20,0.018829,0.000716318,0.009772659,-0.000166923,0.0045,0.004275694
2018/7/23,0.009407,0.000512686,0.004959843,-0.000250426,0.0034,0.003230694
2018/7/24,0.01587,-0.000582447,0.007643776,0.005260258,0.0001,9.57E-05
2018/7/25,-0.001104,-0.000212367,-0.000658184,0.005182896,-0.0016,-0.001519306
2018/7/26,-0.011601,0.000416132,-0.005592434,0.000148736,0.0022,0.002090694
2018/7/27,-0.004247,0.00096876,-0.00163912,-0.002131562,-0.0012,-0.001139306
2018/7/30,-0.001746,0.001011222,-0.000367389,-0.004487498,0.0001,9.57E-05
2018/7/31,0.000733,0.001294726,0.001013863,0.002678022,0.0013,0.001235694
2018/8/1,-0.019976,0.001094954,-0.009440523,-0.001194426,-0.0015,-0.001424306
2018/8/2,-0.02217,0.00090885,-0.010630575,-0.001478209,-0.0012,-0.001139306
2018/8/3,-0.016516,0.001153262,-0.007681369,0.003626141,-0.0004,-0.000379306
2018/8/6,-0.012672,0.001075857,-0.005798072,0.001640784,-0.0008,-0.000759306
2018/8/7,0.029205,0.001037512,0.015121256,0.004004236,0,6.94E-07
2018/8/8,-0.016137,-5.38E-06,-0.00807119,-3.30E-05,-0.0015,-0.001424306
2018/8/9,0.025048,-0.001446174,0.011800913,-0.000461467,-0.0002,-0.000189306
2018/8/10,0.002204,-0.001425083,0.000389459,-0.008623533,0.0004,0.000380694
2018/8/13,-0.00431,-0.001412538,-0.002861269,-0.006120582,0.0018,0.001710694
2018/8/14,-0.005141,-0.000528288,-0.002834644,0.004367689,-0.0083,-0.007884306
2018/8/15,-0.023996,0.000159057,-0.011918472,-0.009497151,-0.002,-0.001899306
2018/8/16,-0.004632,-0.000134149,-0.002383075,0.005029606,-0.0097,-0.009214306
2018/8/17,-0.014376,-0.001129061,-0.007752531,0.002677959,-0.003,-0.002849306
2018/8/20,0.011652,-0.001706067,0.004972967,0.003505433,0.0061,0.005795694
2018/8/21,0.01818,-0.000555012,0.008812494,0.001996108,0.0051,0.004845694
2018/8/22,-0.00562,-6.41E-05,-0.00284205,0.001294885,-0.0016,-0.001519306
2018/8/23,0.003649,0.000684559,0.00216678,-0.001525325,0.0006,0.000570694
2018/8/24,0.001599,0.000788793,0.001193897,0.004367102,0.0013,0.001235694
2018/8/27,0.02443,-1.63E-06,0.012214185,0.008382105,0.0026,0.002470694
2018/8/28,-0.00188,-0.000147986,-0.001013993,0.000803371,0.0039,0.003705694
2018/8/29,-0.003999,-3.31E-05,-0.00201605,0.003980866,-0.0024,-0.002279306
2018/8/30,-0.010476,0.000441327,-0.005017337,-0.00473199,0.0012,0.001140694
2018/8/31,-0.004951,0.000706678,-0.002122161,-0.002557587,0.0018,0.001710694
2018/9/3,-0.003802,0.000215536,-0.001793232,-0.000854715,-0.0055,-0.005224306
2018/9/4,0.012666,-0.000504614,0.006080693,-0.00297761,-0.0032,-0.003039306
2018/9/5,-0.019548,6.77E-05,-0.00974015,-0.006996007,-0.0009,-0.000854306
2018/9/6,-0.010691,-4.33E-05,-0.00536715,-0.004486391,0.0034,0.003230694
2018/9/7,0.004525,-8.61E-05,0.00221945,-0.0018861,0.0016,0.001520694
2018/9/10,-0.014515,-0.000235115,-0.007375058,0.000919748,-0.0001,-9.43E-05
2018/9/11,-0.001813,-0.000745066,-0.001279033,0.00187122,0.0007,0.000665694
2018/9/12,-0.006881,-0.00021745,-0.003549225,0.000767101,-0.0007,-0.000664306
2018/9/13,0.010787,0.000297771,0.005542386,0.00464907,0.0036,0.003420694
2018/9/14,0.001707,0.000473364,0.001090182,0.003035279,0.0021,0.001995694
2018/9/17,-0.011464,0.000704019,-0.005379991,-0.004382048,-0.0039,-0.003704306
2018/9/18,0.020128,0.00027621,0.010202105,0.005049079,0.0004,0.000380694
2018/9/19,0.013168,-0.000154852,0.006506574,0.003404227,0.0034,0.003230694
2018/9/20,-0.000711,-0.000348741,-0.000529871,0.006258338,-0.0006,-0.000569306
2018/9/21,0.030319,8.67E-06,0.015163835,0.003273376,0.0044,0.004180694
2018/9/25,-0.008996,0.000708553,-0.004143723,0.001015561,-0.0044,-0.004179306
2018/9/26,0.011077,0.000295563,0.005686281,-0.001227255,0.0021,0.001995694
2018/9/27,-0.003995,0.000738688,-0.001628156,0.001621967,-0.003,-0.002849306
2018/9/28,0.010364,0.000892802,0.005628401,-0.001439414,-0.0084,-0.007979306
2018/10/8,-0.043028,0.001392306,-0.020817847,-0.003759586,0.0111,0.010545694
2018/10/9,-0.000671,0.000455903,-0.000107549,-0.002287642,-0.001,-0.000949306
2018/10/10,-0.002157,0.000427653,-0.000864674,-0.023029289,-0.001,-0.000949306
2018/10/11,-0.04799,0.000921244,-0.023534378,-0.022647069,0.0068,0.006460694
2018/10/12,0.01492,0.000749673,0.007834837,0.010516722,0.0114,0.010830694
2018/10/15,-0.013964,0.000662468,-0.006650766,-0.00537709,0.0114,0.010830694
2018/10/16,-0.008149,0.000219422,-0.003964789,0.016759095,-0.0007,-0.000664306
2018/10/17,0.00557,0.00029196,0.00293098,0.000137214,-0.0019,-0.001804306
2018/10/18,-0.023685,0.000482696,-0.011601152,-0.010735539,-0.0003,-0.000284306
2018/10/19,0.029744,0.000576484,0.015160242,-0.000589408,0.002,0.001900694
2018/10/22,0.043167,2.90E-05,0.021598,-0.00183865,0.0018,0.001710694
2018/10/23,-0.026557,0.000208332,-0.013174334,-0.010861065,0.0059,0.005605694
2018/10/24,0.0015,0.000531996,0.001015998,-0.019799719,-0.0004,-0.000379306
2018/10/25,0.001915,0.000784961,0.001349981,0.008370226,0.001,0.000950694
2018/10/26,-0.006472,0.00061225,-0.002929875,-0.012424458,0.0035,0.003325694
2018/10/29,-0.030484,0.000842266,-0.014820867,-0.002663739,-0.001,-0.000949306
2018/10/30,0.010846,0.000698086,0.005772043,0.010827784,-0.0051,-0.004844306
2018/10/31,0.014006,0.000279254,0.007142627,0.013711103,-0.0073,-0.006934306
2018/11/1,0.007359,0.000372234,0.003865617,0.007784294,0.0038,0.003610694
2018/11/2,0.035634,-3.48E-05,0.0177996,0.000733971,-0.0019,-0.001804306
2018/11/5,-0.008331,0.000347515,-0.003991743,0.000890596,0.0043,0.004085694
2018/11/6,-0.006033,0.000355946,-0.002838527,0.00408263,-0.0024,-0.002279306
2018/11/7,-0.006549,0.000725529,-0.002911736,0.013987837,0.0013,0.001235694
2018/11/8,-0.002836,0.000773052,-0.001031474,-0.000668323,-0.0049,-0.004654306
2018/11/9,-0.014109,0.000488652,-0.006810174,-0.008213869,-0.0014,-0.001329306
2018/11/12,0.011901,0.0004063,0.00615365,-0.013693656,-0.0082,-0.007789306
2018/11/13,0.010059,0.000341111,0.005200056,-0.001577702,-0.0024,-0.002279306
2018/11/14,-0.01002,0.001906906,-0.004056547,-0.005302432,-0.0017,-0.001614306
2018/11/15,0.011678,0.000875327,0.006276664,0.006248566,0.0073,0.006935694
2018/11/16,0.004719,0.001635419,0.00317721,0.001070044,0.0022,0.002090694
2018/11/19,0.011336,0.001218461,0.006277231,-0.010461204,0.0037,0.003515694
2018/11/20,-0.023127,0.000426499,-0.01135025,-0.01528218,0.0026,0.002470694
2018/11/21,0.002512,-0.000179,0.0011665,0.004585671,-0.0001,-9.43E-05
2018/11/22,-0.003739,0.000118649,-0.001810176,-0.001074056,0.001,0.000950694
2018/11/23,-0.022073,-0.000123931,-0.011098466,-0.003691558,-0.0001,-9.43E-05
2018/11/26,-0.00071,0.000130302,-0.000289849,0.012356782,0.0014,0.001330694
2018/11/27,-0.001274,-0.000235679,-0.00075484,0.002025442,-0.0029,-0.002754306
2018/11/28,0.013289,0.000233615,0.006761308,0.014858683,-0.0047,-0.004464306
2018/11/29,-0.012985,0.000559804,-0.006212598,8.74E-05,0.0062,0.005890694
2018/11/30,0.011166,0.000440923,0.005803462,0.003703639,0.0002,0.000190694
2018/12/3,0.027819,0.000448665,0.014133832,0.012462361,-0.0014,-0.001329306
2018/12/4,0.002073,0.000984717,0.001528859,-0.022090804,-0.0008,-0.000759306
2018/12/5,-0.004806,0.001285424,-0.001760288,-0.003814781,0.0008,0.000760694
2018/12/6,-0.021627,0.000773008,-0.010426996,-0.010941112,0.0037,0.003515694
2018/12/7,-3.40E-05,0.000524607,0.000245304,-0.011472514,0.0018,0.001710694
2018/12/10,-0.011567,0.001237844,-0.005164578,-0.005559165,0.011,0.010450694
2018/12/11,0.004787,0.000533157,0.002660079,0.001905764,-0.0027,-0.002564306
2018/12/12,0.003416,0.000257757,0.001836879,0.009619391,-0.0023,-0.002184306
2018/12/13,0.015481,-0.000624242,0.007428379,0.000843322,0.0029,0.002755694
2018/12/14,-0.016704,-0.00104193,-0.008872965,-0.014665017,-0.0028,-0.002659306
2018/12/17,-0.001489,-0.000417734,-0.000953367,-0.014319245,-0.0025,-0.002374306
2018/12/18,-0.010366,-0.00067192,-0.00551896,-0.004005612,0.0065,0.006175694
2018/12/19,-0.011923,0.000284769,-0.005819115,-0.007783976,0.0011,0.001045694
2018/12/20,-0.00767,0.000870935,-0.003399533,-0.014830865,0.0004,0.000380694
2018/12/21,-0.012395,0.000643679,-0.005875661,-0.01368902,0.0071,0.006745694
2018/12/24,0.002906,0.000121599,0.0015138,-0.016185771,0.0028,0.002660694
2018/12/25,-0.006885,0.000437388,-0.003223806,-0.004064167,0.0058,0.005510694
2018/12/26,-0.005054,0.000186243,-0.002433878,0.027368504,0.0029,0.002755694
2018/12/27,-0.00384,0.000433959,-0.001703021,0.006320895,-0.0047,-0.004464306
2018/12/28,0.006737,0.001523193,0.004130096,0.003947094,0.0061,0.005795694
2018/12/31,0.006737,0,0.0033685,0.005746149,0,6.94E-07
